"STATION","NAME","LATITUDE","LONGITUDE","ELEVATION","DATE","TMAX","TMIN"
"USC00449215","WISE 1 SE, VA US","36.9725","-82.5579","781.5","1993-01-01","12.8","-1.7"
"USC00449215","WISE 1 SE, VA US","36.9725","-82.5579","781.5","1993-01-02","8.9","-4.4"
"USC00449215","WISE 1 SE, VA US","36.9725","-82.5579","781.5","1993-01-03","12.2","6.1"
"USC00449215","WISE 1 SE, VA US","36.9725","-82.5579","781.5","1993-01-04","17.2","6.1"
"USC00449215","WISE 1 SE, VA US","36.9725","-82.5579","781.5","1993-01-05","16.7","3.9"
"USC00449215","WISE 1 SE, VA US","36.9725","-82.5579","781.5","1993-01-06","4.4","2.8"
"USC00449215","WISE 1 SE, VA US","36.9725","-82.5579","781.5","1993-01-07","11.1","2.8"
"USC00449215","WISE 1 SE, VA US","36.9725","-82.5579","781.5","1993-01-08","9.4","3.9"
"USC00449215","WISE 1 SE, VA US","36.9725","-82.5579","781.5","1993-01-09","6.1","1.7"
"USC00449215","WISE 1 SE, VA US","36.9725","-82.5579","781.5","1993-01-10","6.1","3.3"
"USC00449215","WISE 1 SE, VA US","36.9725","-82.5579","781.5","1993-01-11","8.9","3.3"
"USC00449215","WISE 1 SE, VA US","36.9725","-82.5579","781.5","1993-01-12","14.4","6.7"
"USC00449215","WISE 1 SE, VA US","36.9725","-82.5579","781.5","1993-01-13","12.8","4.4"
"USC00449215","WISE 1 SE, VA US","36.9725","-82.5579","781.5","1993-01-14","4.4","-2.8"
"USC00449215","WISE 1 SE, VA US","36.9725","-82.5579","781.5","1993-01-15","6.7","-4.4"
"USC00449215","WISE 1 SE, VA US","36.9725","-82.5579","781.5","1993-01-16","5.0","-2.2"
"USC00449215","WISE 1 SE, VA US","36.9725","-82.5579","781.5","1993-01-17","3.3","0.0"
"USC00449215","WISE 1 SE, VA US","36.9725","-82.5579","781.5","1993-01-18","3.3","-5.6"
"USC00449215","WISE 1 SE, VA US","36.9725","-82.5579","781.5","1993-01-19","1.1","-3.9"
"USC00449215","WISE 1 SE, VA US","36.9725","-82.5579","781.5","1993-01-20","12.2","-1.1"
"USC00449215","WISE 1 SE, VA US","36.9725","-82.5579","781.5","1993-01-21","11.1","3.3"
"USC00449215","WISE 1 SE, VA US","36.9725","-82.5579","781.5","1993-01-22","8.9","2.2"
"USC00449215","WISE 1 SE, VA US","36.9725","-82.5579","781.5","1993-01-23","14.4","-3.3"
"USC00449215","WISE 1 SE, VA US","36.9725","-82.5579","781.5","1993-01-24","11.7","-1.1"
"USC00449215","WISE 1 SE, VA US","36.9725","-82.5579","781.5","1993-01-25","1.1","-7.8"
"USC00449215","WISE 1 SE, VA US","36.9725","-82.5579","781.5","1993-01-26","7.8","-8.3"
"USC00449215","WISE 1 SE, VA US","36.9725","-82.5579","781.5","1993-01-27","5.6","-2.8"
"USC00449215","WISE 1 SE, VA US","36.9725","-82.5579","781.5","1993-01-28","11.1","-3.9"
"USC00449215","WISE 1 SE, VA US","36.9725","-82.5579","781.5","1993-01-29","10.6","1.1"
"USC00449215","WISE 1 SE, VA US","36.9725","-82.5579","781.5","1993-01-30","8.3","-10.0"
"USC00449215","WISE 1 SE, VA US","36.9725","-82.5579","781.5","1993-01-31","10.6","-1.7"
"USC00449215","WISE 1 SE, VA US","36.9725","-82.5579","781.5","1993-02-01","10.0","1.1"
"USC00449215","WISE 1 SE, VA US","36.9725","-82.5579","781.5","1993-02-02","2.2","-10.0"
"USC00449215","WISE 1 SE, VA US","36.9725","-82.5579","781.5","1993-02-03","11.1","-5.6"
"USC00449215","WISE 1 SE, VA US","36.9725","-82.5579","781.5","1993-02-04","10.0","-2.2"
"USC00449215","WISE 1 SE, VA US","36.9725","-82.5579","781.5","1993-02-05","12.2","-2.2"
"USC00449215","WISE 1 SE, VA US","36.9725","-82.5579","781.5","1993-02-06","11.1","-0.6"
"USC00449215","WISE 1 SE, VA US","36.9725","-82.5579","781.5","1993-02-07","15.6","-2.8"
"USC00449215","WISE 1 SE, VA US","36.9725","-82.5579","781.5","1993-02-08","13.9","0.6"
"USC00449215","WISE 1 SE, VA US","36.9725","-82.5579","781.5","1993-02-09","13.9","-1.1"
"USC00449215","WISE 1 SE, VA US","36.9725","-82.5579","781.5","1993-02-10","15.6","-1.7"
"USC00449215","WISE 1 SE, VA US","36.9725","-82.5579","781.5","1993-02-11","13.9","6.1"
"USC00449215","WISE 1 SE, VA US","36.9725","-82.5579","781.5","1993-02-12","9.4","5.0"
"USC00449215","WISE 1 SE, VA US","36.9725","-82.5579","781.5","1993-02-13","7.8","-1.1"
"USC00449215","WISE 1 SE, VA US","36.9725","-82.5579","781.5","1993-02-14","0.0","-3.3"
"USC00449215","WISE 1 SE, VA US","36.9725","-82.5579","781.5","1993-02-15","2.2","-3.9"
"USC00449215","WISE 1 SE, VA US","36.9725","-82.5579","781.5","1993-02-16","8.3","0.0"
"USC00449215","WISE 1 SE, VA US","36.9725","-82.5579","781.5","1993-02-17","3.3","-3.9"
"USC00449215","WISE 1 SE, VA US","36.9725","-82.5579","781.5","1993-02-18","-1.1","-11.1"
"USC00449215","WISE 1 SE, VA US","36.9725","-82.5579","781.5","1993-02-19","0.0","-15.0"
"USC00449215","WISE 1 SE, VA US","36.9725","-82.5579","781.5","1993-02-20","1.1","-4.4"
"USC00449215","WISE 1 SE, VA US","36.9725","-82.5579","781.5","1993-02-21","10.6","-0.6"
"USC00449215","WISE 1 SE, VA US","36.9725","-82.5579","781.5","1993-02-22","12.2","1.1"
"USC00449215","WISE 1 SE, VA US","36.9725","-82.5579","781.5","1993-02-23","5.0","-7.8"
"USC00449215","WISE 1 SE, VA US","36.9725","-82.5579","781.5","1993-02-24","-1.1","-9.4"
"USC00449215","WISE 1 SE, VA US","36.9725","-82.5579","781.5","1993-02-25","-1.7","-8.3"
"USC00449215","WISE 1 SE, VA US","36.9725","-82.5579","781.5","1993-02-26","2.8","-2.8"
"USC00449215","WISE 1 SE, VA US","36.9725","-82.5579","781.5","1993-02-27","1.7","-5.6"
"USC00449215","WISE 1 SE, VA US","36.9725","-82.5579","781.5","1993-02-28","2.8","-8.3"
"USC00449215","WISE 1 SE, VA US","36.9725","-82.5579","781.5","1993-03-01","9.4","-7.2"
"USC00449215","WISE 1 SE, VA US","36.9725","-82.5579","781.5","1993-03-02","7.8","1.1"
"USC00449215","WISE 1 SE, VA US","36.9725","-82.5579","781.5","1993-03-03","11.7","2.8"
"USC00449215","WISE 1 SE, VA US","36.9725","-82.5579","781.5","1993-03-04","10.0","3.9"
"USC00449215","WISE 1 SE, VA US","36.9725","-82.5579","781.5","1993-03-05","3.9","-1.7"
"USC00449215","WISE 1 SE, VA US","36.9725","-82.5579","781.5","1993-03-06","6.1","-2.8"
"USC00449215","WISE 1 SE, VA US","36.9725","-82.5579","781.5","1993-03-07","11.7","-2.8"
"USC00449215","WISE 1 SE, VA US","36.9725","-82.5579","781.5","1993-03-08","8.3","0.6"
"USC00449215","WISE 1 SE, VA US","36.9725","-82.5579","781.5","1993-03-09","9.4","-0.6"
"USC00449215","WISE 1 SE, VA US","36.9725","-82.5579","781.5","1993-03-10","15.0","1.7"
"USC00449215","WISE 1 SE, VA US","36.9725","-82.5579","781.5","1993-03-11","12.8","-1.7"
"USC00449215","WISE 1 SE, VA US","36.9725","-82.5579","781.5","1993-03-12","4.4","-5.0"
"USC00449215","WISE 1 SE, VA US","36.9725","-82.5579","781.5","1993-03-13","0.6","-5.6"
"USC00449215","WISE 1 SE, VA US","36.9725","-82.5579","781.5","1993-03-14","-0.6","-13.3"
"USC00449215","WISE 1 SE, VA US","36.9725","-82.5579","781.5","1993-03-15","3.3","-15.0"
"USC00449215","WISE 1 SE, VA US","36.9725","-82.5579","781.5","1993-03-16","7.8","-1.7"
"USC00449215","WISE 1 SE, VA US","36.9725","-82.5579","781.5","1993-03-17","6.1","-0.6"
"USC00449215","WISE 1 SE, VA US","36.9725","-82.5579","781.5","1993-03-18","1.7","-7.2"
"USC00449215","WISE 1 SE, VA US","36.9725","-82.5579","781.5","1993-03-19","6.7","-6.1"
"USC00449215","WISE 1 SE, VA US","36.9725","-82.5579","781.5","1993-03-20","6.1","1.1"
"USC00449215","WISE 1 SE, VA US","36.9725","-82.5579","781.5","1993-03-21","11.7","2.2"
"USC00449215","WISE 1 SE, VA US","36.9725","-82.5579","781.5","1993-03-22","15.0","2.2"
"USC00449215","WISE 1 SE, VA US","36.9725","-82.5579","781.5","1993-03-23","13.9","10.0"
"USC00449215","WISE 1 SE, VA US","36.9725","-82.5579","781.5","1993-03-24","11.1","7.8"
"USC00449215","WISE 1 SE, VA US","36.9725","-82.5579","781.5","1993-03-25","18.9","5.6"
"USC00449215","WISE 1 SE, VA US","36.9725","-82.5579","781.5","1993-03-26","18.9","7.8"
"USC00449215","WISE 1 SE, VA US","36.9725","-82.5579","781.5","1993-03-27","17.2","6.7"
"USC00449215","WISE 1 SE, VA US","36.9725","-82.5579","781.5","1993-03-28","8.3","6.1"
"USC00449215","WISE 1 SE, VA US","36.9725","-82.5579","781.5","1993-03-29","8.9","6.1"
"USC00449215","WISE 1 SE, VA US","36.9725","-82.5579","781.5","1993-03-30","18.9","2.8"
"USC00449215","WISE 1 SE, VA US","36.9725","-82.5579","781.5","1993-03-31","17.8","10.0"
"USC00449215","WISE 1 SE, VA US","36.9725","-82.5579","781.5","1993-04-01","14.4","8.3"
"USC00449215","WISE 1 SE, VA US","36.9725","-82.5579","781.5","1993-04-02","8.3","-0.6"
"USC00449215","WISE 1 SE, VA US","36.9725","-82.5579","781.5","1993-04-03","11.1","-2.8"
"USC00449215","WISE 1 SE, VA US","36.9725","-82.5579","781.5","1993-04-04","13.3","-0.6"
"USC00449215","WISE 1 SE, VA US","36.9725","-82.5579","781.5","1993-04-05","11.1","4.4"
"USC00449215","WISE 1 SE, VA US","36.9725","-82.5579","781.5","1993-04-06","10.6","1.1"
"USC00449215","WISE 1 SE, VA US","36.9725","-82.5579","781.5","1993-04-07","20.6","3.9"
"USC00449215","WISE 1 SE, VA US","36.9725","-82.5579","781.5","1993-04-08","21.7","7.8"
"USC00449215","WISE 1 SE, VA US","36.9725","-82.5579","781.5","1993-04-09","21.1","8.9"
"USC00449215","WISE 1 SE, VA US","36.9725","-82.5579","781.5","1993-04-10","14.4","3.9"
"USC00449215","WISE 1 SE, VA US","36.9725","-82.5579","781.5","1993-04-11","21.7","1.1"
"USC00449215","WISE 1 SE, VA US","36.9725","-82.5579","781.5","1993-04-12","21.1","7.8"
"USC00449215","WISE 1 SE, VA US","36.9725","-82.5579","781.5","1993-04-13","18.3","6.1"
"USC00449215","WISE 1 SE, VA US","36.9725","-82.5579","781.5","1993-04-14","25.0","11.7"
"USC00449215","WISE 1 SE, VA US","36.9725","-82.5579","781.5","1993-04-15","23.9","14.4"
"USC00449215","WISE 1 SE, VA US","36.9725","-82.5579","781.5","1993-04-16","18.3","3.3"
"USC00449215","WISE 1 SE, VA US","36.9725","-82.5579","781.5","1993-04-17","11.1","0.6"
"USC00449215","WISE 1 SE, VA US","36.9725","-82.5579","781.5","1993-04-18","17.8","1.7"
"USC00449215","WISE 1 SE, VA US","36.9725","-82.5579","781.5","1993-04-19","20.6","7.2"
"USC00449215","WISE 1 SE, VA US","36.9725","-82.5579","781.5","1993-04-20","20.0","12.2"
"USC00449215","WISE 1 SE, VA US","36.9725","-82.5579","781.5","1993-04-21","15.0","3.3"
"USC00449215","WISE 1 SE, VA US","36.9725","-82.5579","781.5","1993-04-22","9.4","-2.2"
"USC00449215","WISE 1 SE, VA US","36.9725","-82.5579","781.5","1993-04-23","17.2","2.2"
"USC00449215","WISE 1 SE, VA US","36.9725","-82.5579","781.5","1993-04-24","21.7","8.9"
"USC00449215","WISE 1 SE, VA US","36.9725","-82.5579","781.5","1993-04-25","23.9","13.3"
"USC00449215","WISE 1 SE, VA US","36.9725","-82.5579","781.5","1993-04-26","22.8","6.1"
"USC00449215","WISE 1 SE, VA US","36.9725","-82.5579","781.5","1993-04-27","18.3","2.8"
"USC00449215","WISE 1 SE, VA US","36.9725","-82.5579","781.5","1993-04-28","23.3","6.7"
"USC00449215","WISE 1 SE, VA US","36.9725","-82.5579","781.5","1993-04-29","23.9","7.8"
"USC00449215","WISE 1 SE, VA US","36.9725","-82.5579","781.5","1993-04-30","22.2","11.7"
"USC00449215","WISE 1 SE, VA US","36.9725","-82.5579","781.5","1993-05-01","25.0","10.6"
"USC00449215","WISE 1 SE, VA US","36.9725","-82.5579","781.5","1993-05-02","23.9","12.8"
"USC00449215","WISE 1 SE, VA US","36.9725","-82.5579","781.5","1993-05-03","19.4","13.9"
"USC00449215","WISE 1 SE, VA US","36.9725","-82.5579","781.5","1993-05-04","17.8","13.3"
"USC00449215","WISE 1 SE, VA US","36.9725","-82.5579","781.5","1993-05-05","23.9","11.7"
"USC00449215","WISE 1 SE, VA US","36.9725","-82.5579","781.5","1993-05-06","24.4","11.1"
"USC00449215","WISE 1 SE, VA US","36.9725","-82.5579","781.5","1993-05-07","25.0","7.8"
"USC00449215","WISE 1 SE, VA US","36.9725","-82.5579","781.5","1993-05-08","27.8","10.6"
"USC00449215","WISE 1 SE, VA US","36.9725","-82.5579","781.5","1993-05-09","26.7","10.6"
"USC00449215","WISE 1 SE, VA US","36.9725","-82.5579","781.5","1993-05-10","26.1","15.0"
"USC00449215","WISE 1 SE, VA US","36.9725","-82.5579","781.5","1993-05-11","23.3","12.2"
"USC00449215","WISE 1 SE, VA US","36.9725","-82.5579","781.5","1993-05-12","24.4","11.7"
"USC00449215","WISE 1 SE, VA US","36.9725","-82.5579","781.5","1993-05-13","22.2","12.8"
"USC00449215","WISE 1 SE, VA US","36.9725","-82.5579","781.5","1993-05-14","20.6","6.1"
"USC00449215","WISE 1 SE, VA US","36.9725","-82.5579","781.5","1993-05-15","24.4","7.2"
"USC00449215","WISE 1 SE, VA US","36.9725","-82.5579","781.5","1993-05-16","24.4","10.6"
"USC00449215","WISE 1 SE, VA US","36.9725","-82.5579","781.5","1993-05-17","23.3","12.2"
"USC00449215","WISE 1 SE, VA US","36.9725","-82.5579","781.5","1993-05-18","24.4","12.8"
"USC00449215","WISE 1 SE, VA US","36.9725","-82.5579","781.5","1993-05-19","23.3","11.1"
"USC00449215","WISE 1 SE, VA US","36.9725","-82.5579","781.5","1993-05-20","13.9","6.1"
"USC00449215","WISE 1 SE, VA US","36.9725","-82.5579","781.5","1993-05-21","13.3","3.3"
"USC00449215","WISE 1 SE, VA US","36.9725","-82.5579","781.5","1993-05-22","17.2","3.3"
"USC00449215","WISE 1 SE, VA US","36.9725","-82.5579","781.5","1993-05-23","21.1","5.6"
"USC00449215","WISE 1 SE, VA US","36.9725","-82.5579","781.5","1993-05-24","23.9","14.4"
"USC00449215","WISE 1 SE, VA US","36.9725","-82.5579","781.5","1993-05-25","22.8","15.0"
"USC00449215","WISE 1 SE, VA US","36.9725","-82.5579","781.5","1993-05-26","18.3","10.6"
"USC00449215","WISE 1 SE, VA US","36.9725","-82.5579","781.5","1993-05-27","25.0","6.7"
"USC00449215","WISE 1 SE, VA US","36.9725","-82.5579","781.5","1993-05-28","26.1","14.4"
"USC00449215","WISE 1 SE, VA US","36.9725","-82.5579","781.5","1993-05-29","26.1","16.1"
"USC00449215","WISE 1 SE, VA US","36.9725","-82.5579","781.5","1993-05-30","25.6","15.0"
"USC00449215","WISE 1 SE, VA US","36.9725","-82.5579","781.5","1993-05-31","23.9","15.6"
"USC00449215","WISE 1 SE, VA US","36.9725","-82.5579","781.5","1993-06-01","20.0","11.1"
"USC00449215","WISE 1 SE, VA US","36.9725","-82.5579","781.5","1993-06-02","23.9","5.6"
"USC00449215","WISE 1 SE, VA US","36.9725","-82.5579","781.5","1993-06-03","24.4","14.4"
"USC00449215","WISE 1 SE, VA US","36.9725","-82.5579","781.5","1993-06-04","25.6","14.4"
"USC00449215","WISE 1 SE, VA US","36.9725","-82.5579","781.5","1993-06-05","23.3","13.3"
"USC00449215","WISE 1 SE, VA US","36.9725","-82.5579","781.5","1993-06-06","25.6","5.6"
"USC00449215","WISE 1 SE, VA US","36.9725","-82.5579","781.5","1993-06-07","27.2","11.1"
"USC00449215","WISE 1 SE, VA US","36.9725","-82.5579","781.5","1993-06-08","30.0","17.8"
"USC00449215","WISE 1 SE, VA US","36.9725","-82.5579","781.5","1993-06-09","30.0","20.0"
"USC00449215","WISE 1 SE, VA US","36.9725","-82.5579","781.5","1993-06-10","30.0","17.2"
"USC00449215","WISE 1 SE, VA US","36.9725","-82.5579","781.5","1993-06-11","27.8","13.3"
"USC00449215","WISE 1 SE, VA US","36.9725","-82.5579","781.5","1993-06-12","28.9","15.0"
"USC00449215","WISE 1 SE, VA US","36.9725","-82.5579","781.5","1993-06-13","25.6","10.6"
"USC00449215","WISE 1 SE, VA US","36.9725","-82.5579","781.5","1993-06-14","26.7","12.2"
"USC00449215","WISE 1 SE, VA US","36.9725","-82.5579","781.5","1993-06-15","26.7","14.4"
"USC00449215","WISE 1 SE, VA US","36.9725","-82.5579","781.5","1993-06-16","28.3","11.1"
"USC00449215","WISE 1 SE, VA US","36.9725","-82.5579","781.5","1993-06-17","30.6","13.9"
"USC00449215","WISE 1 SE, VA US","36.9725","-82.5579","781.5","1993-06-18","27.8","16.7"
"USC00449215","WISE 1 SE, VA US","36.9725","-82.5579","781.5","1993-06-19","30.0","17.8"
"USC00449215","WISE 1 SE, VA US","36.9725","-82.5579","781.5","1993-06-20","28.9","15.0"
"USC00449215","WISE 1 SE, VA US","36.9725","-82.5579","781.5","1993-06-21","23.9","15.0"
"USC00449215","WISE 1 SE, VA US","36.9725","-82.5579","781.5","1993-06-22","25.0","13.3"
"USC00449215","WISE 1 SE, VA US","36.9725","-82.5579","781.5","1993-06-23","28.9","12.2"
"USC00449215","WISE 1 SE, VA US","36.9725","-82.5579","781.5","1993-06-24","30.6","16.7"
"USC00449215","WISE 1 SE, VA US","36.9725","-82.5579","781.5","1993-06-25","28.3","16.1"
"USC00449215","WISE 1 SE, VA US","36.9725","-82.5579","781.5","1993-06-26","25.0","14.4"
"USC00449215","WISE 1 SE, VA US","36.9725","-82.5579","781.5","1993-06-27","28.9","7.8"
"USC00449215","WISE 1 SE, VA US","36.9725","-82.5579","781.5","1993-06-28","28.9","13.9"
"USC00449215","WISE 1 SE, VA US","36.9725","-82.5579","781.5","1993-06-29","26.1","11.7"
"USC00449215","WISE 1 SE, VA US","36.9725","-82.5579","781.5","1993-06-30","28.9","12.8"
"USC00449215","WISE 1 SE, VA US","36.9725","-82.5579","781.5","1993-07-01","27.8","18.9"
"USC00449215","WISE 1 SE, VA US","36.9725","-82.5579","781.5","1993-07-02","27.8","21.7"
"USC00449215","WISE 1 SE, VA US","36.9725","-82.5579","781.5","1993-07-03","30.6","18.9"
"USC00449215","WISE 1 SE, VA US","36.9725","-82.5579","781.5","1993-07-04","31.7","18.3"
"USC00449215","WISE 1 SE, VA US","36.9725","-82.5579","781.5","1993-07-05","31.7","17.8"
"USC00449215","WISE 1 SE, VA US","36.9725","-82.5579","781.5","1993-07-06","31.1","20.0"
"USC00449215","WISE 1 SE, VA US","36.9725","-82.5579","781.5","1993-07-07","32.2","17.2"
"USC00449215","WISE 1 SE, VA US","36.9725","-82.5579","781.5","1993-07-08","32.2","16.1"
"USC00449215","WISE 1 SE, VA US","36.9725","-82.5579","781.5","1993-07-09","29.4","17.8"
"USC00449215","WISE 1 SE, VA US","36.9725","-82.5579","781.5","1993-07-10","31.7","19.4"
"USC00449215","WISE 1 SE, VA US","36.9725","-82.5579","781.5","1993-07-11","31.1","18.3"
"USC00449215","WISE 1 SE, VA US","36.9725","-82.5579","781.5","1993-07-12","30.0","18.3"
"USC00449215","WISE 1 SE, VA US","36.9725","-82.5579","781.5","1993-07-13","31.1","18.3"
"USC00449215","WISE 1 SE, VA US","36.9725","-82.5579","781.5","1993-07-14","31.1","17.8"
"USC00449215","WISE 1 SE, VA US","36.9725","-82.5579","781.5","1993-07-15","27.8","20.6"
"USC00449215","WISE 1 SE, VA US","36.9725","-82.5579","781.5","1993-07-16","26.7","18.3"
"USC00449215","WISE 1 SE, VA US","36.9725","-82.5579","781.5","1993-07-17","27.2","17.2"
"USC00449215","WISE 1 SE, VA US","36.9725","-82.5579","781.5","1993-07-18","30.6","16.7"
"USC00449215","WISE 1 SE, VA US","36.9725","-82.5579","781.5","1993-07-19","29.4","18.9"
"USC00449215","WISE 1 SE, VA US","36.9725","-82.5579","781.5","1993-07-20","27.8","20.6"
"USC00449215","WISE 1 SE, VA US","36.9725","-82.5579","781.5","1993-07-21","30.6","15.6"
"USC00449215","WISE 1 SE, VA US","36.9725","-82.5579","781.5","1993-07-22","30.6","16.7"
"USC00449215","WISE 1 SE, VA US","36.9725","-82.5579","781.5","1993-07-23","29.4","17.8"
"USC00449215","WISE 1 SE, VA US","36.9725","-82.5579","781.5","1993-07-24","31.1","17.2"
"USC00449215","WISE 1 SE, VA US","36.9725","-82.5579","781.5","1993-07-25","30.6","15.0"
"USC00449215","WISE 1 SE, VA US","36.9725","-82.5579","781.5","1993-07-26","31.7","20.0"
"USC00449215","WISE 1 SE, VA US","36.9725","-82.5579","781.5","1993-07-27","31.1","17.2"
"USC00449215","WISE 1 SE, VA US","36.9725","-82.5579","781.5","1993-07-28","32.2","17.2"
"USC00449215","WISE 1 SE, VA US","36.9725","-82.5579","781.5","1993-07-29","31.1","17.8"
"USC00449215","WISE 1 SE, VA US","36.9725","-82.5579","781.5","1993-07-30","27.8","15.0"
"USC00449215","WISE 1 SE, VA US","36.9725","-82.5579","781.5","1993-07-31","26.7","9.4"
"USC00449215","WISE 1 SE, VA US","36.9725","-82.5579","781.5","1993-08-01","27.8","10.6"
"USC00449215","WISE 1 SE, VA US","36.9725","-82.5579","781.5","1993-08-02","26.7","16.1"
"USC00449215","WISE 1 SE, VA US","36.9725","-82.5579","781.5","1993-08-03","27.8","17.2"
"USC00449215","WISE 1 SE, VA US","36.9725","-82.5579","781.5","1993-08-04","27.8","20.0"
"USC00449215","WISE 1 SE, VA US","36.9725","-82.5579","781.5","1993-08-05","26.1","14.4"
"USC00449215","WISE 1 SE, VA US","36.9725","-82.5579","781.5","1993-08-06","25.0","14.4"
"USC00449215","WISE 1 SE, VA US","36.9725","-82.5579","781.5","1993-08-07","23.9","10.6"
"USC00449215","WISE 1 SE, VA US","36.9725","-82.5579","781.5","1993-08-08","25.6","11.7"
"USC00449215","WISE 1 SE, VA US","36.9725","-82.5579","781.5","1993-08-09","27.8","12.8"
"USC00449215","WISE 1 SE, VA US","36.9725","-82.5579","781.5","1993-08-10","27.2","14.4"
"USC00449215","WISE 1 SE, VA US","36.9725","-82.5579","781.5","1993-08-11","25.6","17.2"
"USC00449215","WISE 1 SE, VA US","36.9725","-82.5579","781.5","1993-08-12","25.6","16.1"
"USC00449215","WISE 1 SE, VA US","36.9725","-82.5579","781.5","1993-08-13","22.2","17.2"
"USC00449215","WISE 1 SE, VA US","36.9725","-82.5579","781.5","1993-08-14","27.2","18.9"
"USC00449215","WISE 1 SE, VA US","36.9725","-82.5579","781.5","1993-08-15","28.3","15.6"
"USC00449215","WISE 1 SE, VA US","36.9725","-82.5579","781.5","1993-08-16","29.4","15.0"
"USC00449215","WISE 1 SE, VA US","36.9725","-82.5579","781.5","1993-08-17","28.3","19.4"
"USC00449215","WISE 1 SE, VA US","36.9725","-82.5579","781.5","1993-08-18","27.8","18.3"
"USC00449215","WISE 1 SE, VA US","36.9725","-82.5579","781.5","1993-08-19","29.4","16.7"
"USC00449215","WISE 1 SE, VA US","36.9725","-82.5579","781.5","1993-08-20","29.4","17.2"
"USC00449215","WISE 1 SE, VA US","36.9725","-82.5579","781.5","1993-08-21","26.7","17.2"
"USC00449215","WISE 1 SE, VA US","36.9725","-82.5579","781.5","1993-08-22","27.2","14.4"
"USC00449215","WISE 1 SE, VA US","36.9725","-82.5579","781.5","1993-08-23","28.3","16.1"
"USC00449215","WISE 1 SE, VA US","36.9725","-82.5579","781.5","1993-08-24","28.3","17.2"
"USC00449215","WISE 1 SE, VA US","36.9725","-82.5579","781.5","1993-08-25","30.6","17.8"
"USC00449215","WISE 1 SE, VA US","36.9725","-82.5579","781.5","1993-08-26","31.1","17.2"
"USC00449215","WISE 1 SE, VA US","36.9725","-82.5579","781.5","1993-08-27","28.9","16.1"
"USC00449215","WISE 1 SE, VA US","36.9725","-82.5579","781.5","1993-08-28","30.0","16.1"
"USC00449215","WISE 1 SE, VA US","36.9725","-82.5579","781.5","1993-08-29","30.0","18.3"
"USC00449215","WISE 1 SE, VA US","36.9725","-82.5579","781.5","1993-08-30","31.1","18.3"
"USC00449215","WISE 1 SE, VA US","36.9725","-82.5579","781.5","1993-08-31","31.1","17.8"
"USC00449215","WISE 1 SE, VA US","36.9725","-82.5579","781.5","1993-09-01","32.2","16.7"
"USC00449215","WISE 1 SE, VA US","36.9725","-82.5579","781.5","1993-09-02","30.6","18.9"
"USC00449215","WISE 1 SE, VA US","36.9725","-82.5579","781.5","1993-09-03","28.3","18.9"
"USC00449215","WISE 1 SE, VA US","36.9725","-82.5579","781.5","1993-09-04","23.3","13.9"
"USC00449215","WISE 1 SE, VA US","36.9725","-82.5579","781.5","1993-09-05","25.6","9.4"
"USC00449215","WISE 1 SE, VA US","36.9725","-82.5579","781.5","1993-09-06","26.7","10.6"
"USC00449215","WISE 1 SE, VA US","36.9725","-82.5579","781.5","1993-09-07","25.6","14.4"
"USC00449215","WISE 1 SE, VA US","36.9725","-82.5579","781.5","1993-09-08","26.1","12.8"
"USC00449215","WISE 1 SE, VA US","36.9725","-82.5579","781.5","1993-09-09","26.1","14.4"
"USC00449215","WISE 1 SE, VA US","36.9725","-82.5579","781.5","1993-09-10","23.9","14.4"
"USC00449215","WISE 1 SE, VA US","36.9725","-82.5579","781.5","1993-09-11","21.1","7.2"
"USC00449215","WISE 1 SE, VA US","36.9725","-82.5579","781.5","1993-09-12","25.0","5.6"
"USC00449215","WISE 1 SE, VA US","36.9725","-82.5579","781.5","1993-09-13","26.7","13.9"
"USC00449215","WISE 1 SE, VA US","36.9725","-82.5579","781.5","1993-09-14","28.3","16.7"
"USC00449215","WISE 1 SE, VA US","36.9725","-82.5579","781.5","1993-09-15","27.8","18.9"
"USC00449215","WISE 1 SE, VA US","36.9725","-82.5579","781.5","1993-09-16","21.1","15.0"
"USC00449215","WISE 1 SE, VA US","36.9725","-82.5579","781.5","1993-09-17","25.0","14.4"
"USC00449215","WISE 1 SE, VA US","36.9725","-82.5579","781.5","1993-09-18","23.3","12.2"
"USC00449215","WISE 1 SE, VA US","36.9725","-82.5579","781.5","1993-09-19","24.4","7.8"
"USC00449215","WISE 1 SE, VA US","36.9725","-82.5579","781.5","1993-09-20","22.2","13.3"
"USC00449215","WISE 1 SE, VA US","36.9725","-82.5579","781.5","1993-09-21","25.0","17.2"
"USC00449215","WISE 1 SE, VA US","36.9725","-82.5579","781.5","1993-09-22","26.1","8.9"
"USC00449215","WISE 1 SE, VA US","36.9725","-82.5579","781.5","1993-09-23","25.6","13.9"
"USC00449215","WISE 1 SE, VA US","36.9725","-82.5579","781.5","1993-09-24","25.0","12.8"
"USC00449215","WISE 1 SE, VA US","36.9725","-82.5579","781.5","1993-09-25","22.2","15.6"
"USC00449215","WISE 1 SE, VA US","36.9725","-82.5579","781.5","1993-09-26","21.7","17.2"
"USC00449215","WISE 1 SE, VA US","36.9725","-82.5579","781.5","1993-09-27","18.9","12.2"
"USC00449215","WISE 1 SE, VA US","36.9725","-82.5579","781.5","1993-09-28","17.8","3.3"
"USC00449215","WISE 1 SE, VA US","36.9725","-82.5579","781.5","1993-09-29","17.8","3.3"
"USC00449215","WISE 1 SE, VA US","36.9725","-82.5579","781.5","1993-09-30","16.7","2.8"
"USC00449215","WISE 1 SE, VA US","36.9725","-82.5579","781.5","1993-10-01","19.4","2.8"
"USC00449215","WISE 1 SE, VA US","36.9725","-82.5579","781.5","1993-10-02","20.0","11.1"
"USC00449215","WISE 1 SE, VA US","36.9725","-82.5579","781.5","1993-10-03","20.6","7.8"
"USC00449215","WISE 1 SE, VA US","36.9725","-82.5579","781.5","1993-10-04","20.6","3.3"
"USC00449215","WISE 1 SE, VA US","36.9725","-82.5579","781.5","1993-10-05","23.3","10.0"
"USC00449215","WISE 1 SE, VA US","36.9725","-82.5579","781.5","1993-10-06","24.4","8.3"
"USC00449215","WISE 1 SE, VA US","36.9725","-82.5579","781.5","1993-10-07","23.3","7.2"
"USC00449215","WISE 1 SE, VA US","36.9725","-82.5579","781.5","1993-10-08","21.7","9.4"
"USC00449215","WISE 1 SE, VA US","36.9725","-82.5579","781.5","1993-10-09","22.8","10.0"
"USC00449215","WISE 1 SE, VA US","36.9725","-82.5579","781.5","1993-10-10","20.0","2.8"
"USC00449215","WISE 1 SE, VA US","36.9725","-82.5579","781.5","1993-10-11","13.9","0.6"
"USC00449215","WISE 1 SE, VA US","36.9725","-82.5579","781.5","1993-10-12","11.7","3.3"
"USC00449215","WISE 1 SE, VA US","36.9725","-82.5579","781.5","1993-10-13","16.7","2.2"
"USC00449215","WISE 1 SE, VA US","36.9725","-82.5579","781.5","1993-10-14","18.9","6.1"
"USC00449215","WISE 1 SE, VA US","36.9725","-82.5579","781.5","1993-10-15","21.1","6.1"
"USC00449215","WISE 1 SE, VA US","36.9725","-82.5579","781.5","1993-10-16","18.9","12.2"
"USC00449215","WISE 1 SE, VA US","36.9725","-82.5579","781.5","1993-10-17","18.3","12.8"
"USC00449215","WISE 1 SE, VA US","36.9725","-82.5579","781.5","1993-10-18","18.9","12.2"
"USC00449215","WISE 1 SE, VA US","36.9725","-82.5579","781.5","1993-10-19","19.4","11.1"
"USC00449215","WISE 1 SE, VA US","36.9725","-82.5579","781.5","1993-10-20","23.3","15.6"
"USC00449215","WISE 1 SE, VA US","36.9725","-82.5579","781.5","1993-10-21","23.3","7.2"
"USC00449215","WISE 1 SE, VA US","36.9725","-82.5579","781.5","1993-10-22","13.3","1.7"
"USC00449215","WISE 1 SE, VA US","36.9725","-82.5579","781.5","1993-10-23","19.4","-1.1"
"USC00449215","WISE 1 SE, VA US","36.9725","-82.5579","781.5","1993-10-24","20.6","0.6"
"USC00449215","WISE 1 SE, VA US","36.9725","-82.5579","781.5","1993-10-25","21.1","4.4"
"USC00449215","WISE 1 SE, VA US","36.9725","-82.5579","781.5","1993-10-26","21.1","10.0"
"USC00449215","WISE 1 SE, VA US","36.9725","-82.5579","781.5","1993-10-27","18.3","7.2"
"USC00449215","WISE 1 SE, VA US","36.9725","-82.5579","781.5","1993-10-28","15.0","0.6"
"USC00449215","WISE 1 SE, VA US","36.9725","-82.5579","781.5","1993-10-29","12.8","4.4"
"USC00449215","WISE 1 SE, VA US","36.9725","-82.5579","781.5","1993-10-30","10.0","0.6"
"USC00449215","WISE 1 SE, VA US","36.9725","-82.5579","781.5","1993-10-31","1.1","-2.2"
"USC00449215","WISE 1 SE, VA US","36.9725","-82.5579","781.5","1993-11-01","1.7","-3.3"
"USC00449215","WISE 1 SE, VA US","36.9725","-82.5579","781.5","1993-11-02","7.8","-6.7"
"USC00449215","WISE 1 SE, VA US","36.9725","-82.5579","781.5","1993-11-03","6.1","1.7"
"USC00449215","WISE 1 SE, VA US","36.9725","-82.5579","781.5","1993-11-04","11.1","2.2"
"USC00449215","WISE 1 SE, VA US","36.9725","-82.5579","781.5","1993-11-05","14.4","8.9"
"USC00449215","WISE 1 SE, VA US","36.9725","-82.5579","781.5","1993-11-06","13.9","0.6"
"USC00449215","WISE 1 SE, VA US","36.9725","-82.5579","781.5","1993-11-07","3.9","-5.0"
"USC00449215","WISE 1 SE, VA US","36.9725","-82.5579","781.5","1993-11-08","10.6","-7.2"
"USC00449215","WISE 1 SE, VA US","36.9725","-82.5579","781.5","1993-11-09","11.7","-3.3"
"USC00449215","WISE 1 SE, VA US","36.9725","-82.5579","781.5","1993-11-10","12.2","-2.2"
"USC00449215","WISE 1 SE, VA US","36.9725","-82.5579","781.5","1993-11-11","14.4","-2.2"
"USC00449215","WISE 1 SE, VA US","36.9725","-82.5579","781.5","1993-11-12","16.1","4.4"
"USC00449215","WISE 1 SE, VA US","36.9725","-82.5579","781.5","1993-11-13","17.8","8.9"
"USC00449215","WISE 1 SE, VA US","36.9725","-82.5579","781.5","1993-11-14","23.9","13.9"
"USC00449215","WISE 1 SE, VA US","36.9725","-82.5579","781.5","1993-11-15","21.1","13.9"
"USC00449215","WISE 1 SE, VA US","36.9725","-82.5579","781.5","1993-11-16","18.9","10.0"
"USC00449215","WISE 1 SE, VA US","36.9725","-82.5579","781.5","1993-11-17","20.0","13.9"
"USC00449215","WISE 1 SE, VA US","36.9725","-82.5579","781.5","1993-11-18","15.0","5.0"
"USC00449215","WISE 1 SE, VA US","36.9725","-82.5579","781.5","1993-11-19","10.6","3.3"
"USC00449215","WISE 1 SE, VA US","36.9725","-82.5579","781.5","1993-11-20","8.3","-3.3"
"USC00449215","WISE 1 SE, VA US","36.9725","-82.5579","781.5","1993-11-21","10.0","-6.1"
"USC00449215","WISE 1 SE, VA US","36.9725","-82.5579","781.5","1993-11-22","14.4","-2.8"
"USC00449215","WISE 1 SE, VA US","36.9725","-82.5579","781.5","1993-11-23","18.3","0.0"
"USC00449215","WISE 1 SE, VA US","36.9725","-82.5579","781.5","1993-11-24","16.7","2.8"
"USC00449215","WISE 1 SE, VA US","36.9725","-82.5579","781.5","1993-11-25","17.8","6.7"
"USC00449215","WISE 1 SE, VA US","36.9725","-82.5579","781.5","1993-11-26","16.7","5.0"
"USC00449215","WISE 1 SE, VA US","36.9725","-82.5579","781.5","1993-11-27","11.7","2.8"
"USC00449215","WISE 1 SE, VA US","36.9725","-82.5579","781.5","1993-11-28","3.9","-2.2"
"USC00449215","WISE 1 SE, VA US","36.9725","-82.5579","781.5","1993-11-29","7.2","-6.1"
"USC00449215","WISE 1 SE, VA US","36.9725","-82.5579","781.5","1993-11-30","7.8","-3.9"
"USC00449215","WISE 1 SE, VA US","36.9725","-82.5579","781.5","1993-12-01","11.7","0.0"
"USC00449215","WISE 1 SE, VA US","36.9725","-82.5579","781.5","1993-12-02","13.9","-0.6"
"USC00449215","WISE 1 SE, VA US","36.9725","-82.5579","781.5","1993-12-03","12.2","5.6"
"USC00449215","WISE 1 SE, VA US","36.9725","-82.5579","781.5","1993-12-04","11.1","7.2"
"USC00449215","WISE 1 SE, VA US","36.9725","-82.5579","781.5","1993-12-05","10.0","1.7"
"USC00449215","WISE 1 SE, VA US","36.9725","-82.5579","781.5","1993-12-06","6.1","0.6"
"USC00449215","WISE 1 SE, VA US","36.9725","-82.5579","781.5","1993-12-07","8.3","-1.1"
"USC00449215","WISE 1 SE, VA US","36.9725","-82.5579","781.5","1993-12-08","10.6","0.6"
"USC00449215","WISE 1 SE, VA US","36.9725","-82.5579","781.5","1993-12-09","13.3","-2.8"
"USC00449215","WISE 1 SE, VA US","36.9725","-82.5579","781.5","1993-12-10","12.8","4.4"
"USC00449215","WISE 1 SE, VA US","36.9725","-82.5579","781.5","1993-12-11","7.2","-5.6"
"USC00449215","WISE 1 SE, VA US","36.9725","-82.5579","781.5","1993-12-12","1.1","-9.4"
"USC00449215","WISE 1 SE, VA US","36.9725","-82.5579","781.5","1993-12-13","11.7","-6.1"
"USC00449215","WISE 1 SE, VA US","36.9725","-82.5579","781.5","1993-12-14","11.1","5.0"
"USC00449215","WISE 1 SE, VA US","36.9725","-82.5579","781.5","1993-12-15","7.8","0.0"
"USC00449215","WISE 1 SE, VA US","36.9725","-82.5579","781.5","1993-12-16","3.9","1.1"
"USC00449215","WISE 1 SE, VA US","36.9725","-82.5579","781.5","1993-12-17","11.7","0.6"
"USC00449215","WISE 1 SE, VA US","36.9725","-82.5579","781.5","1993-12-18","8.3","3.9"
"USC00449215","WISE 1 SE, VA US","36.9725","-82.5579","781.5","1993-12-19","6.1","2.2"
"USC00449215","WISE 1 SE, VA US","36.9725","-82.5579","781.5","1993-12-20","2.2","-5.6"
"USC00449215","WISE 1 SE, VA US","36.9725","-82.5579","781.5","1993-12-21","1.1","-0.6"
"USC00449215","WISE 1 SE, VA US","36.9725","-82.5579","781.5","1993-12-22","-1.1","-10.0"
"USC00449215","WISE 1 SE, VA US","36.9725","-82.5579","781.5","1993-12-23","-2.2","-5.6"
"USC00449215","WISE 1 SE, VA US","36.9725","-82.5579","781.5","1993-12-24","-1.7","-6.1"
"USC00449215","WISE 1 SE, VA US","36.9725","-82.5579","781.5","1993-12-25","-1.7","-6.1"
"USC00449215","WISE 1 SE, VA US","36.9725","-82.5579","781.5","1993-12-26","0.0","-13.3"
"USC00449215","WISE 1 SE, VA US","36.9725","-82.5579","781.5","1993-12-27","7.2","-1.7"
"USC00449215","WISE 1 SE, VA US","36.9725","-82.5579","781.5","1993-12-28","6.7","-1.1"
"USC00449215","WISE 1 SE, VA US","36.9725","-82.5579","781.5","1993-12-29","2.2","-2.2"
"USC00449215","WISE 1 SE, VA US","36.9725","-82.5579","781.5","1993-12-30","0.6","-13.9"
"USC00449215","WISE 1 SE, VA US","36.9725","-82.5579","781.5","1993-12-31","3.3","-9.4"
"USC00449215","WISE 1 SE, VA US","36.9725","-82.5579","781.5","1994-01-01","6.7","-6.1"
"USC00449215","WISE 1 SE, VA US","36.9725","-82.5579","781.5","1994-01-02","2.8","0.0"
"USC00449215","WISE 1 SE, VA US","36.9725","-82.5579","781.5","1994-01-03","4.4","-0.6"
"USC00449215","WISE 1 SE, VA US","36.9725","-82.5579","781.5","1994-01-04","1.1","-4.4"
"USC00449215","WISE 1 SE, VA US","36.9725","-82.5579","781.5","1994-01-05","-3.3","-8.3"
"USC00449215","WISE 1 SE, VA US","36.9725","-82.5579","781.5","1994-01-06","3.3","-6.1"
"USC00449215","WISE 1 SE, VA US","36.9725","-82.5579","781.5","1994-01-07","9.4","2.2"
"USC00449215","WISE 1 SE, VA US","36.9725","-82.5579","781.5","1994-01-08","6.1","-10.6"
"USC00449215","WISE 1 SE, VA US","36.9725","-82.5579","781.5","1994-01-09","-2.2","-14.4"
"USC00449215","WISE 1 SE, VA US","36.9725","-82.5579","781.5","1994-01-10","3.3","-10.0"
"USC00449215","WISE 1 SE, VA US","36.9725","-82.5579","781.5","1994-01-11","10.0","-3.3"
"USC00449215","WISE 1 SE, VA US","36.9725","-82.5579","781.5","1994-01-12","7.8","3.3"
"USC00449215","WISE 1 SE, VA US","36.9725","-82.5579","781.5","1994-01-13","5.0","1.1"
"USC00449215","WISE 1 SE, VA US","36.9725","-82.5579","781.5","1994-01-14","2.2","-8.9"
"USC00449215","WISE 1 SE, VA US","36.9725","-82.5579","781.5","1994-01-15","-3.3","-19.4"
"USC00449215","WISE 1 SE, VA US","36.9725","-82.5579","781.5","1994-01-16","-3.9","-25.0"
"USC00449215","WISE 1 SE, VA US","36.9725","-82.5579","781.5","1994-01-17","2.2","-5.0"
"USC00449215","WISE 1 SE, VA US","36.9725","-82.5579","781.5","1994-01-18","0.0","-17.8"
"USC00449215","WISE 1 SE, VA US","36.9725","-82.5579","781.5","1994-01-19","-9.4","-28.9"
"USC00449215","WISE 1 SE, VA US","36.9725","-82.5579","781.5","1994-01-20","-7.2","-18.3"
"USC00449215","WISE 1 SE, VA US","36.9725","-82.5579","781.5","1994-01-21","-1.1","-17.8"
"USC00449215","WISE 1 SE, VA US","36.9725","-82.5579","781.5","1994-01-22","3.3","-12.8"
"USC00449215","WISE 1 SE, VA US","36.9725","-82.5579","781.5","1994-01-23","2.8","-1.7"
"USC00449215","WISE 1 SE, VA US","36.9725","-82.5579","781.5","1994-01-24","5.0","0.6"
"USC00449215","WISE 1 SE, VA US","36.9725","-82.5579","781.5","1994-01-25","7.2","2.2"
"USC00449215","WISE 1 SE, VA US","36.9725","-82.5579","781.5","1994-01-26","10.0","5.0"
"USC00449215","WISE 1 SE, VA US","36.9725","-82.5579","781.5","1994-01-27","9.4","2.8"
"USC00449215","WISE 1 SE, VA US","36.9725","-82.5579","781.5","1994-01-28","11.1","3.9"
"USC00449215","WISE 1 SE, VA US","36.9725","-82.5579","781.5","1994-01-29","10.6","-2.8"
"USC00449215","WISE 1 SE, VA US","36.9725","-82.5579","781.5","1994-01-30","-1.1","-3.9"
"USC00449215","WISE 1 SE, VA US","36.9725","-82.5579","781.5","1994-01-31","-2.2","-5.0"
"USC00449215","WISE 1 SE, VA US","36.9725","-82.5579","781.5","1994-02-01","-2.8","-10.0"
"USC00449215","WISE 1 SE, VA US","36.9725","-82.5579","781.5","1994-02-02","-1.1","-14.4"
"USC00449215","WISE 1 SE, VA US","36.9725","-82.5579","781.5","1994-02-03","4.4","-5.6"
"USC00449215","WISE 1 SE, VA US","36.9725","-82.5579","781.5","1994-02-04","4.4","-5.0"
"USC00449215","WISE 1 SE, VA US","36.9725","-82.5579","781.5","1994-02-05","5.0","0.6"
"USC00449215","WISE 1 SE, VA US","36.9725","-82.5579","781.5","1994-02-06","8.9","-3.3"
"USC00449215","WISE 1 SE, VA US","36.9725","-82.5579","781.5","1994-02-07","11.7","-2.8"
"USC00449215","WISE 1 SE, VA US","36.9725","-82.5579","781.5","1994-02-08","10.6","1.1"
"USC00449215","WISE 1 SE, VA US","36.9725","-82.5579","781.5","1994-02-09","15.0","2.8"
"USC00449215","WISE 1 SE, VA US","36.9725","-82.5579","781.5","1994-02-10","2.8","-7.8"
"USC00449215","WISE 1 SE, VA US","36.9725","-82.5579","781.5","1994-02-11","7.2","-1.1"
"USC00449215","WISE 1 SE, VA US","36.9725","-82.5579","781.5","1994-02-12","8.3","-0.6"
"USC00449215","WISE 1 SE, VA US","36.9725","-82.5579","781.5","1994-02-13","7.8","-2.8"
"USC00449215","WISE 1 SE, VA US","36.9725","-82.5579","781.5","1994-02-14","5.0","-8.9"
"USC00449215","WISE 1 SE, VA US","36.9725","-82.5579","781.5","1994-02-15","9.4","-1.1"
"USC00449215","WISE 1 SE, VA US","36.9725","-82.5579","781.5","1994-02-16","11.7","-2.8"
"USC00449215","WISE 1 SE, VA US","36.9725","-82.5579","781.5","1994-02-17","14.4","-1.1"
"USC00449215","WISE 1 SE, VA US","36.9725","-82.5579","781.5","1994-02-18","17.2","1.7"
"USC00449215","WISE 1 SE, VA US","36.9725","-82.5579","781.5","1994-02-19","18.3","3.3"
"USC00449215","WISE 1 SE, VA US","36.9725","-82.5579","781.5","1994-02-20","18.9","9.4"
"USC00449215","WISE 1 SE, VA US","36.9725","-82.5579","781.5","1994-02-21","16.7","8.9"
"USC00449215","WISE 1 SE, VA US","36.9725","-82.5579","781.5","1994-02-22","13.3","5.0"
"USC00449215","WISE 1 SE, VA US","36.9725","-82.5579","781.5","1994-02-23","16.1","6.7"
"USC00449215","WISE 1 SE, VA US","36.9725","-82.5579","781.5","1994-02-24","13.9","-2.2"
"USC00449215","WISE 1 SE, VA US","36.9725","-82.5579","781.5","1994-02-25","11.1","-4.4"
"USC00449215","WISE 1 SE, VA US","36.9725","-82.5579","781.5","1994-02-26","10.0","-11.1"
"USC00449215","WISE 1 SE, VA US","36.9725","-82.5579","781.5","1994-02-27","1.7","-11.7"
"USC00449215","WISE 1 SE, VA US","36.9725","-82.5579","781.5","1994-02-28","9.4","-7.8"
"USC00449215","WISE 1 SE, VA US","36.9725","-82.5579","781.5","1994-03-01","8.3","1.7"
"USC00449215","WISE 1 SE, VA US","36.9725","-82.5579","781.5","1994-03-02","5.6","0.6"
"USC00449215","WISE 1 SE, VA US","36.9725","-82.5579","781.5","1994-03-03","1.7","-4.4"
"USC00449215","WISE 1 SE, VA US","36.9725","-82.5579","781.5","1994-03-04","15.6","-0.6"
"USC00449215","WISE 1 SE, VA US","36.9725","-82.5579","781.5","1994-03-05","15.6","0.6"
"USC00449215","WISE 1 SE, VA US","36.9725","-82.5579","781.5","1994-03-06","19.4","-1.1"
"USC00449215","WISE 1 SE, VA US","36.9725","-82.5579","781.5","1994-03-07","20.0","6.7"
"USC00449215","WISE 1 SE, VA US","36.9725","-82.5579","781.5","1994-03-08","18.9","0.6"
"USC00449215","WISE 1 SE, VA US","36.9725","-82.5579","781.5","1994-03-09","3.3","-1.1"
"USC00449215","WISE 1 SE, VA US","36.9725","-82.5579","781.5","1994-03-10","10.6","-3.9"
"USC00449215","WISE 1 SE, VA US","36.9725","-82.5579","781.5","1994-03-11","3.3","-6.1"
"USC00449215","WISE 1 SE, VA US","36.9725","-82.5579","781.5","1994-03-12","11.7","-6.7"
"USC00449215","WISE 1 SE, VA US","36.9725","-82.5579","781.5","1994-03-13","10.6","0.0"
"USC00449215","WISE 1 SE, VA US","36.9725","-82.5579","781.5","1994-03-14","10.6","0.6"
"USC00449215","WISE 1 SE, VA US","36.9725","-82.5579","781.5","1994-03-15","15.0","5.0"
"USC00449215","WISE 1 SE, VA US","36.9725","-82.5579","781.5","1994-03-16","11.7","-1.7"
"USC00449215","WISE 1 SE, VA US","36.9725","-82.5579","781.5","1994-03-17","7.8","-11.1"
"USC00449215","WISE 1 SE, VA US","36.9725","-82.5579","781.5","1994-03-18","14.4","2.8"
"USC00449215","WISE 1 SE, VA US","36.9725","-82.5579","781.5","1994-03-19","15.0","-2.8"
"USC00449215","WISE 1 SE, VA US","36.9725","-82.5579","781.5","1994-03-20","20.0","2.2"
"USC00449215","WISE 1 SE, VA US","36.9725","-82.5579","781.5","1994-03-21","18.9","11.7"
"USC00449215","WISE 1 SE, VA US","36.9725","-82.5579","781.5","1994-03-22","17.2","-0.6"
"USC00449215","WISE 1 SE, VA US","36.9725","-82.5579","781.5","1994-03-23","21.7","3.9"
"USC00449215","WISE 1 SE, VA US","36.9725","-82.5579","781.5","1994-03-24","20.6","12.2"
"USC00449215","WISE 1 SE, VA US","36.9725","-82.5579","781.5","1994-03-25","15.6","3.3"
"USC00449215","WISE 1 SE, VA US","36.9725","-82.5579","781.5","1994-03-26","13.3","-1.7"
"USC00449215","WISE 1 SE, VA US","36.9725","-82.5579","781.5","1994-03-27","14.4","7.2"
"USC00449215","WISE 1 SE, VA US","36.9725","-82.5579","781.5","1994-03-28","12.8","3.9"
"USC00449215","WISE 1 SE, VA US","36.9725","-82.5579","781.5","1994-03-29","6.1","-1.1"
"USC00449215","WISE 1 SE, VA US","36.9725","-82.5579","781.5","1994-03-30","10.6","-3.3"
"USC00449215","WISE 1 SE, VA US","36.9725","-82.5579","781.5","1994-03-31","7.8","1.1"
"USC00449215","WISE 1 SE, VA US","36.9725","-82.5579","781.5","1994-04-01","13.3","-2.2"
"USC00449215","WISE 1 SE, VA US","36.9725","-82.5579","781.5","1994-04-02","16.1","0.0"
"USC00449215","WISE 1 SE, VA US","36.9725","-82.5579","781.5","1994-04-03","15.6","6.1"
"USC00449215","WISE 1 SE, VA US","36.9725","-82.5579","781.5","1994-04-04","15.0","-0.6"
"USC00449215","WISE 1 SE, VA US","36.9725","-82.5579","781.5","1994-04-05","17.8","5.6"
"USC00449215","WISE 1 SE, VA US","36.9725","-82.5579","781.5","1994-04-06","17.8","9.4"
"USC00449215","WISE 1 SE, VA US","36.9725","-82.5579","781.5","1994-04-07","16.7","-2.2"
"USC00449215","WISE 1 SE, VA US","36.9725","-82.5579","781.5","1994-04-08","18.3","-3.9"
"USC00449215","WISE 1 SE, VA US","36.9725","-82.5579","781.5","1994-04-09","19.4","6.7"
"USC00449215","WISE 1 SE, VA US","36.9725","-82.5579","781.5","1994-04-10","18.9","12.2"
"USC00449215","WISE 1 SE, VA US","36.9725","-82.5579","781.5","1994-04-11","19.4","12.2"
"USC00449215","WISE 1 SE, VA US","36.9725","-82.5579","781.5","1994-04-12","21.1","10.6"
"USC00449215","WISE 1 SE, VA US","36.9725","-82.5579","781.5","1994-04-13","20.0","12.8"
"USC00449215","WISE 1 SE, VA US","36.9725","-82.5579","781.5","1994-04-14","24.4","7.2"
"USC00449215","WISE 1 SE, VA US","36.9725","-82.5579","781.5","1994-04-15","23.3","11.7"
"USC00449215","WISE 1 SE, VA US","36.9725","-82.5579","781.5","1994-04-16","17.2","6.1"
"USC00449215","WISE 1 SE, VA US","36.9725","-82.5579","781.5","1994-04-17","19.4","7.8"
"USC00449215","WISE 1 SE, VA US","36.9725","-82.5579","781.5","1994-04-18","23.9","4.4"
"USC00449215","WISE 1 SE, VA US","36.9725","-82.5579","781.5","1994-04-19","25.6","13.9"
"USC00449215","WISE 1 SE, VA US","36.9725","-82.5579","781.5","1994-04-20","25.6","11.1"
"USC00449215","WISE 1 SE, VA US","36.9725","-82.5579","781.5","1994-04-21","23.3","6.1"
"USC00449215","WISE 1 SE, VA US","36.9725","-82.5579","781.5","1994-04-22","21.1","6.7"
"USC00449215","WISE 1 SE, VA US","36.9725","-82.5579","781.5","1994-04-23","21.1","0.0"
"USC00449215","WISE 1 SE, VA US","36.9725","-82.5579","781.5","1994-04-24","24.4","10.0"
"USC00449215","WISE 1 SE, VA US","36.9725","-82.5579","781.5","1994-04-25","26.1","10.6"
"USC00449215","WISE 1 SE, VA US","36.9725","-82.5579","781.5","1994-04-26","26.7","13.9"
"USC00449215","WISE 1 SE, VA US","36.9725","-82.5579","781.5","1994-04-27","22.2","13.9"
"USC00449215","WISE 1 SE, VA US","36.9725","-82.5579","781.5","1994-04-28","27.2","11.1"
"USC00449215","WISE 1 SE, VA US","36.9725","-82.5579","781.5","1994-04-29","26.7","16.1"
"USC00449215","WISE 1 SE, VA US","36.9725","-82.5579","781.5","1994-04-30","23.3","11.7"
"USC00449215","WISE 1 SE, VA US","36.9725","-82.5579","781.5","1994-05-01","20.0","7.8"
"USC00449215","WISE 1 SE, VA US","36.9725","-82.5579","781.5","1994-05-02","15.6","1.7"
"USC00449215","WISE 1 SE, VA US","36.9725","-82.5579","781.5","1994-05-03","15.0","5.0"
"USC00449215","WISE 1 SE, VA US","36.9725","-82.5579","781.5","1994-05-04","13.3","6.1"
"USC00449215","WISE 1 SE, VA US","36.9725","-82.5579","781.5","1994-05-05","15.6","6.7"
"USC00449215","WISE 1 SE, VA US","36.9725","-82.5579","781.5","1994-05-06","18.3","8.3"
"USC00449215","WISE 1 SE, VA US","36.9725","-82.5579","781.5","1994-05-07","20.0","11.7"
"USC00449215","WISE 1 SE, VA US","36.9725","-82.5579","781.5","1994-05-08","17.8","4.4"
"USC00449215","WISE 1 SE, VA US","36.9725","-82.5579","781.5","1994-05-09","21.1","1.7"
"USC00449215","WISE 1 SE, VA US","36.9725","-82.5579","781.5","1994-05-10","20.6","8.3"
"USC00449215","WISE 1 SE, VA US","36.9725","-82.5579","781.5","1994-05-11","22.8","3.3"
"USC00449215","WISE 1 SE, VA US","36.9725","-82.5579","781.5","1994-05-12","22.8","11.7"
"USC00449215","WISE 1 SE, VA US","36.9725","-82.5579","781.5","1994-05-13","20.6","4.4"
"USC00449215","WISE 1 SE, VA US","36.9725","-82.5579","781.5","1994-05-14","24.4","8.9"
"USC00449215","WISE 1 SE, VA US","36.9725","-82.5579","781.5","1994-05-15","23.3","14.4"
"USC00449215","WISE 1 SE, VA US","36.9725","-82.5579","781.5","1994-05-16","22.2","10.6"
"USC00449215","WISE 1 SE, VA US","36.9725","-82.5579","781.5","1994-05-17","20.0","6.7"
"USC00449215","WISE 1 SE, VA US","36.9725","-82.5579","781.5","1994-05-18","16.7","5.6"
"USC00449215","WISE 1 SE, VA US","36.9725","-82.5579","781.5","1994-05-19","15.0","1.7"
"USC00449215","WISE 1 SE, VA US","36.9725","-82.5579","781.5","1994-05-20","16.1","2.2"
"USC00449215","WISE 1 SE, VA US","36.9725","-82.5579","781.5","1994-05-21","21.1","3.9"
"USC00449215","WISE 1 SE, VA US","36.9725","-82.5579","781.5","1994-05-22","22.2","4.4"
"USC00449215","WISE 1 SE, VA US","36.9725","-82.5579","781.5","1994-05-23","27.8","10.0"
"USC00449215","WISE 1 SE, VA US","36.9725","-82.5579","781.5","1994-05-24","27.2","10.6"
"USC00449215","WISE 1 SE, VA US","36.9725","-82.5579","781.5","1994-05-25","26.7","13.9"
"USC00449215","WISE 1 SE, VA US","36.9725","-82.5579","781.5","1994-05-26","18.9","14.4"
"USC00449215","WISE 1 SE, VA US","36.9725","-82.5579","781.5","1994-05-27","15.0","7.8"
"USC00449215","WISE 1 SE, VA US","36.9725","-82.5579","781.5","1994-05-28","21.7","0.0"
"USC00449215","WISE 1 SE, VA US","36.9725","-82.5579","781.5","1994-05-29","24.4","5.0"
"USC00449215","WISE 1 SE, VA US","36.9725","-82.5579","781.5","1994-05-30","26.7","13.3"
"USC00449215","WISE 1 SE, VA US","36.9725","-82.5579","781.5","1994-05-31","26.7","10.6"
"USC00449215","WISE 1 SE, VA US","36.9725","-82.5579","781.5","1994-06-01","27.2","14.4"
"USC00449215","WISE 1 SE, VA US","36.9725","-82.5579","781.5","1994-06-02","25.6","10.0"
"USC00449215","WISE 1 SE, VA US","36.9725","-82.5579","781.5","1994-06-03","25.0","10.0"
"USC00449215","WISE 1 SE, VA US","36.9725","-82.5579","781.5","1994-06-04","27.2","13.3"
"USC00449215","WISE 1 SE, VA US","36.9725","-82.5579","781.5","1994-06-05","28.9","11.7"
"USC00449215","WISE 1 SE, VA US","36.9725","-82.5579","781.5","1994-06-06","28.9","17.8"
"USC00449215","WISE 1 SE, VA US","36.9725","-82.5579","781.5","1994-06-07","28.9","16.1"
"USC00449215","WISE 1 SE, VA US","36.9725","-82.5579","781.5","1994-06-08","25.0","16.7"
"USC00449215","WISE 1 SE, VA US","36.9725","-82.5579","781.5","1994-06-09","25.0","16.1"
"USC00449215","WISE 1 SE, VA US","36.9725","-82.5579","781.5","1994-06-10","25.6","16.7"
"USC00449215","WISE 1 SE, VA US","36.9725","-82.5579","781.5","1994-06-11","27.2","16.7"
"USC00449215","WISE 1 SE, VA US","36.9725","-82.5579","781.5","1994-06-12","26.7","15.6"
"USC00449215","WISE 1 SE, VA US","36.9725","-82.5579","781.5","1994-06-13","28.9","15.6"
"USC00449215","WISE 1 SE, VA US","36.9725","-82.5579","781.5","1994-06-14","29.4","17.8"
"USC00449215","WISE 1 SE, VA US","36.9725","-82.5579","781.5","1994-06-15","28.3","16.7"
"USC00449215","WISE 1 SE, VA US","36.9725","-82.5579","781.5","1994-06-16","30.6","16.7"
"USC00449215","WISE 1 SE, VA US","36.9725","-82.5579","781.5","1994-06-17","30.0","17.2"
"USC00449215","WISE 1 SE, VA US","36.9725","-82.5579","781.5","1994-06-18","33.3","19.4"
"USC00449215","WISE 1 SE, VA US","36.9725","-82.5579","781.5","1994-06-19","33.3","17.2"
"USC00449215","WISE 1 SE, VA US","36.9725","-82.5579","781.5","1994-06-20","31.7","17.2"
"USC00449215","WISE 1 SE, VA US","36.9725","-82.5579","781.5","1994-06-21","29.4","18.3"
"USC00449215","WISE 1 SE, VA US","36.9725","-82.5579","781.5","1994-06-22","29.4","16.1"
"USC00449215","WISE 1 SE, VA US","36.9725","-82.5579","781.5","1994-06-23","27.8","18.9"
"USC00449215","WISE 1 SE, VA US","36.9725","-82.5579","781.5","1994-06-24","27.2","18.9"
"USC00449215","WISE 1 SE, VA US","36.9725","-82.5579","781.5","1994-06-25","25.0","13.3"
"USC00449215","WISE 1 SE, VA US","36.9725","-82.5579","781.5","1994-06-26","23.9","15.6"
"USC00449215","WISE 1 SE, VA US","36.9725","-82.5579","781.5","1994-06-27","22.8","15.6"
"USC00449215","WISE 1 SE, VA US","36.9725","-82.5579","781.5","1994-06-28","26.7","12.2"
"USC00449215","WISE 1 SE, VA US","36.9725","-82.5579","781.5","1994-06-29","26.1","18.3"
"USC00449215","WISE 1 SE, VA US","36.9725","-82.5579","781.5","1994-06-30","26.1","16.1"
"USC00449215","WISE 1 SE, VA US","36.9725","-82.5579","781.5","1994-07-01","28.3","12.2"
"USC00449215","WISE 1 SE, VA US","36.9725","-82.5579","781.5","1994-07-02","28.3","13.9"
"USC00449215","WISE 1 SE, VA US","36.9725","-82.5579","781.5","1994-07-03","28.3","15.6"
"USC00449215","WISE 1 SE, VA US","36.9725","-82.5579","781.5","1994-07-04","30.6","16.7"
"USC00449215","WISE 1 SE, VA US","36.9725","-82.5579","781.5","1994-07-05","30.6","17.8"
"USC00449215","WISE 1 SE, VA US","36.9725","-82.5579","781.5","1994-07-06","30.6","18.3"
"USC00449215","WISE 1 SE, VA US","36.9725","-82.5579","781.5","1994-07-07","29.4","18.3"
"USC00449215","WISE 1 SE, VA US","36.9725","-82.5579","781.5","1994-07-08","28.9","18.9"
"USC00449215","WISE 1 SE, VA US","36.9725","-82.5579","781.5","1994-07-09","28.3","18.3"
"USC00449215","WISE 1 SE, VA US","36.9725","-82.5579","781.5","1994-07-10","27.8","18.3"
"USC00449215","WISE 1 SE, VA US","36.9725","-82.5579","781.5","1994-07-11","26.1","14.4"
"USC00449215","WISE 1 SE, VA US","36.9725","-82.5579","781.5","1994-07-12","25.0","17.8"
"USC00449215","WISE 1 SE, VA US","36.9725","-82.5579","781.5","1994-07-13","25.6","18.3"
"USC00449215","WISE 1 SE, VA US","36.9725","-82.5579","781.5","1994-07-14","26.7","18.3"
"USC00449215","WISE 1 SE, VA US","36.9725","-82.5579","781.5","1994-07-15","27.2","19.4"
"USC00449215","WISE 1 SE, VA US","36.9725","-82.5579","781.5","1994-07-16","26.7","17.8"
"USC00449215","WISE 1 SE, VA US","36.9725","-82.5579","781.5","1994-07-17","27.2","18.3"
"USC00449215","WISE 1 SE, VA US","36.9725","-82.5579","781.5","1994-07-18","27.8","18.3"
"USC00449215","WISE 1 SE, VA US","36.9725","-82.5579","781.5","1994-07-19","28.9","16.1"
"USC00449215","WISE 1 SE, VA US","36.9725","-82.5579","781.5","1994-07-20","28.9","18.3"
"USC00449215","WISE 1 SE, VA US","36.9725","-82.5579","781.5","1994-07-21","28.3","16.7"
"USC00449215","WISE 1 SE, VA US","36.9725","-82.5579","781.5","1994-07-22","26.7","18.3"
"USC00449215","WISE 1 SE, VA US","36.9725","-82.5579","781.5","1994-07-23","26.7","17.8"
"USC00449215","WISE 1 SE, VA US","36.9725","-82.5579","781.5","1994-07-24","27.8","14.4"
"USC00449215","WISE 1 SE, VA US","36.9725","-82.5579","781.5","1994-07-25","27.8","15.6"
"USC00449215","WISE 1 SE, VA US","36.9725","-82.5579","781.5","1994-07-26","28.3","17.8"
"USC00449215","WISE 1 SE, VA US","36.9725","-82.5579","781.5","1994-07-27","24.4","15.0"
"USC00449215","WISE 1 SE, VA US","36.9725","-82.5579","781.5","1994-07-28","22.2","13.9"
"USC00449215","WISE 1 SE, VA US","36.9725","-82.5579","781.5","1994-07-29","25.0","11.1"
"USC00449215","WISE 1 SE, VA US","36.9725","-82.5579","781.5","1994-07-30","26.1","10.0"
"USC00449215","WISE 1 SE, VA US","36.9725","-82.5579","781.5","1994-07-31","27.2","12.2"
"USC00449215","WISE 1 SE, VA US","36.9725","-82.5579","781.5","1994-08-01","26.1","17.2"
"USC00449215","WISE 1 SE, VA US","36.9725","-82.5579","781.5","1994-08-02","23.9","17.2"
"USC00449215","WISE 1 SE, VA US","36.9725","-82.5579","781.5","1994-08-03","26.7","16.1"
"USC00449215","WISE 1 SE, VA US","36.9725","-82.5579","781.5","1994-08-04","27.2","17.2"
"USC00449215","WISE 1 SE, VA US","36.9725","-82.5579","781.5","1994-08-05","27.2","16.7"
"USC00449215","WISE 1 SE, VA US","36.9725","-82.5579","781.5","1994-08-06","23.3","15.0"
"USC00449215","WISE 1 SE, VA US","36.9725","-82.5579","781.5","1994-08-07","26.7","12.2"
"USC00449215","WISE 1 SE, VA US","36.9725","-82.5579","781.5","1994-08-08","23.9","14.4"
"USC00449215","WISE 1 SE, VA US","36.9725","-82.5579","781.5","1994-08-09","28.9","13.3"
"USC00449215","WISE 1 SE, VA US","36.9725","-82.5579","781.5","1994-08-10","27.8","17.2"
"USC00449215","WISE 1 SE, VA US","36.9725","-82.5579","781.5","1994-08-11","29.4","14.4"
"USC00449215","WISE 1 SE, VA US","36.9725","-82.5579","781.5","1994-08-12","29.4","17.2"
"USC00449215","WISE 1 SE, VA US","36.9725","-82.5579","781.5","1994-08-13","30.0","18.3"
"USC00449215","WISE 1 SE, VA US","36.9725","-82.5579","781.5","1994-08-14","27.2","16.7"
"USC00449215","WISE 1 SE, VA US","36.9725","-82.5579","781.5","1994-08-15","28.3","15.0"
"USC00449215","WISE 1 SE, VA US","36.9725","-82.5579","781.5","1994-08-16","27.2","13.9"
"USC00449215","WISE 1 SE, VA US","36.9725","-82.5579","781.5","1994-08-17","19.4","15.6"
"USC00449215","WISE 1 SE, VA US","36.9725","-82.5579","781.5","1994-08-18","26.1","12.2"
"USC00449215","WISE 1 SE, VA US","36.9725","-82.5579","781.5","1994-08-19","26.1","12.8"
"USC00449215","WISE 1 SE, VA US","36.9725","-82.5579","781.5","1994-08-20","26.1","16.1"
"USC00449215","WISE 1 SE, VA US","36.9725","-82.5579","781.5","1994-08-21","23.3","15.0"
"USC00449215","WISE 1 SE, VA US","36.9725","-82.5579","781.5","1994-08-22","22.8","13.9"
"USC00449215","WISE 1 SE, VA US","36.9725","-82.5579","781.5","1994-08-23","25.0","10.6"
"USC00449215","WISE 1 SE, VA US","36.9725","-82.5579","781.5","1994-08-24","26.7","12.2"
"USC00449215","WISE 1 SE, VA US","36.9725","-82.5579","781.5","1994-08-25","26.1","15.6"
"USC00449215","WISE 1 SE, VA US","36.9725","-82.5579","781.5","1994-08-26","26.7","14.4"
"USC00449215","WISE 1 SE, VA US","36.9725","-82.5579","781.5","1994-08-27","26.7","14.4"
"USC00449215","WISE 1 SE, VA US","36.9725","-82.5579","781.5","1994-08-28","27.2","15.6"
"USC00449215","WISE 1 SE, VA US","36.9725","-82.5579","781.5","1994-08-29","25.0","18.3"
"USC00449215","WISE 1 SE, VA US","36.9725","-82.5579","781.5","1994-08-30","26.7","11.1"
"USC00449215","WISE 1 SE, VA US","36.9725","-82.5579","781.5","1994-08-31","26.1","17.8"
"USC00449215","WISE 1 SE, VA US","36.9725","-82.5579","781.5","1994-09-01","25.6","16.7"
"USC00449215","WISE 1 SE, VA US","36.9725","-82.5579","781.5","1994-09-02","21.1","12.8"
"USC00449215","WISE 1 SE, VA US","36.9725","-82.5579","781.5","1994-09-03","22.2","10.6"
"USC00449215","WISE 1 SE, VA US","36.9725","-82.5579","781.5","1994-09-04","22.8","12.2"
"USC00449215","WISE 1 SE, VA US","36.9725","-82.5579","781.5","1994-09-05","20.6","10.0"
"USC00449215","WISE 1 SE, VA US","36.9725","-82.5579","781.5","1994-09-06","23.9","15.0"
"USC00449215","WISE 1 SE, VA US","36.9725","-82.5579","781.5","1994-09-07","23.3","9.4"
"USC00449215","WISE 1 SE, VA US","36.9725","-82.5579","781.5","1994-09-08","24.4","8.9"
"USC00449215","WISE 1 SE, VA US","36.9725","-82.5579","781.5","1994-09-09","25.0","7.8"
"USC00449215","WISE 1 SE, VA US","36.9725","-82.5579","781.5","1994-09-10","25.6","10.0"
"USC00449215","WISE 1 SE, VA US","36.9725","-82.5579","781.5","1994-09-11","25.0","12.2"
"USC00449215","WISE 1 SE, VA US","36.9725","-82.5579","781.5","1994-09-12","25.6","7.2"
"USC00449215","WISE 1 SE, VA US","36.9725","-82.5579","781.5","1994-09-13","26.1","7.8"
"USC00449215","WISE 1 SE, VA US","36.9725","-82.5579","781.5","1994-09-14","26.7","10.0"
"USC00449215","WISE 1 SE, VA US","36.9725","-82.5579","781.5","1994-09-15","27.8","12.2"
"USC00449215","WISE 1 SE, VA US","36.9725","-82.5579","781.5","1994-09-16","27.8","11.7"
"USC00449215","WISE 1 SE, VA US","36.9725","-82.5579","781.5","1994-09-17","25.6","17.2"
"USC00449215","WISE 1 SE, VA US","36.9725","-82.5579","781.5","1994-09-18","20.0","13.3"
"USC00449215","WISE 1 SE, VA US","36.9725","-82.5579","781.5","1994-09-19","21.1","7.2"
"USC00449215","WISE 1 SE, VA US","36.9725","-82.5579","781.5","1994-09-20","23.3","7.2"
"USC00449215","WISE 1 SE, VA US","36.9725","-82.5579","781.5","1994-09-21","22.8","7.8"
"USC00449215","WISE 1 SE, VA US","36.9725","-82.5579","781.5","1994-09-22","23.3","8.9"
"USC00449215","WISE 1 SE, VA US","36.9725","-82.5579","781.5","1994-09-23","23.3","8.9"
"USC00449215","WISE 1 SE, VA US","36.9725","-82.5579","781.5","1994-09-24","24.4","12.8"
"USC00449215","WISE 1 SE, VA US","36.9725","-82.5579","781.5","1994-09-25","22.2","7.8"
"USC00449215","WISE 1 SE, VA US","36.9725","-82.5579","781.5","1994-09-26","20.0","7.2"
"USC00449215","WISE 1 SE, VA US","36.9725","-82.5579","781.5","1994-09-27","19.4","11.1"
"USC00449215","WISE 1 SE, VA US","36.9725","-82.5579","781.5","1994-09-28","20.0","5.6"
"USC00449215","WISE 1 SE, VA US","36.9725","-82.5579","781.5","1994-09-29","21.1","7.2"
"USC00449215","WISE 1 SE, VA US","36.9725","-82.5579","781.5","1994-09-30","24.4","5.6"
"USC00449215","WISE 1 SE, VA US","36.9725","-82.5579","781.5","1994-10-01","26.1","9.4"
"USC00449215","WISE 1 SE, VA US","36.9725","-82.5579","781.5","1994-10-02","24.4","10.6"
"USC00449215","WISE 1 SE, VA US","36.9725","-82.5579","781.5","1994-10-03","21.1","14.4"
"USC00449215","WISE 1 SE, VA US","36.9725","-82.5579","781.5","1994-10-04","18.3","3.3"
"USC00449215","WISE 1 SE, VA US","36.9725","-82.5579","781.5","1994-10-05","18.3","6.7"
"USC00449215","WISE 1 SE, VA US","36.9725","-82.5579","781.5","1994-10-06","20.6","6.1"
"USC00449215","WISE 1 SE, VA US","36.9725","-82.5579","781.5","1994-10-07","23.9","8.3"
"USC00449215","WISE 1 SE, VA US","36.9725","-82.5579","781.5","1994-10-08","23.9","8.3"
"USC00449215","WISE 1 SE, VA US","36.9725","-82.5579","781.5","1994-10-09","19.4","11.7"
"USC00449215","WISE 1 SE, VA US","36.9725","-82.5579","781.5","1994-10-10","14.4","2.2"
"USC00449215","WISE 1 SE, VA US","36.9725","-82.5579","781.5","1994-10-11","18.3","0.6"
"USC00449215","WISE 1 SE, VA US","36.9725","-82.5579","781.5","1994-10-12","18.3","1.1"
"USC00449215","WISE 1 SE, VA US","36.9725","-82.5579","781.5","1994-10-13","13.3","7.2"
"USC00449215","WISE 1 SE, VA US","36.9725","-82.5579","781.5","1994-10-14","16.7","10.0"
"USC00449215","WISE 1 SE, VA US","36.9725","-82.5579","781.5","1994-10-15","21.1","6.1"
"USC00449215","WISE 1 SE, VA US","36.9725","-82.5579","781.5","1994-10-16","22.8","3.9"
"USC00449215","WISE 1 SE, VA US","36.9725","-82.5579","781.5","1994-10-17","23.3","3.3"
"USC00449215","WISE 1 SE, VA US","36.9725","-82.5579","781.5","1994-10-18","23.9","3.9"
"USC00449215","WISE 1 SE, VA US","36.9725","-82.5579","781.5","1994-10-19","23.3","8.3"
"USC00449215","WISE 1 SE, VA US","36.9725","-82.5579","781.5","1994-10-20","21.1","11.1"
"USC00449215","WISE 1 SE, VA US","36.9725","-82.5579","781.5","1994-10-21","20.6","4.4"
"USC00449215","WISE 1 SE, VA US","36.9725","-82.5579","781.5","1994-10-22","21.1","6.7"
"USC00449215","WISE 1 SE, VA US","36.9725","-82.5579","781.5","1994-10-23","17.2","12.2"
"USC00449215","WISE 1 SE, VA US","36.9725","-82.5579","781.5","1994-10-24","18.3","0.0"
"USC00449215","WISE 1 SE, VA US","36.9725","-82.5579","781.5","1994-10-25","18.3","2.8"
"USC00449215","WISE 1 SE, VA US","36.9725","-82.5579","781.5","1994-10-26","14.4","0.0"
"USC00449215","WISE 1 SE, VA US","36.9725","-82.5579","781.5","1994-10-27","17.2","-3.3"
"USC00449215","WISE 1 SE, VA US","36.9725","-82.5579","781.5","1994-10-28","18.3","-2.8"
"USC00449215","WISE 1 SE, VA US","36.9725","-82.5579","781.5","1994-10-29","20.0","0.0"
"USC00449215","WISE 1 SE, VA US","36.9725","-82.5579","781.5","1994-10-30","21.7","7.2"
"USC00449215","WISE 1 SE, VA US","36.9725","-82.5579","781.5","1994-10-31","20.6","11.7"
"USC00449215","WISE 1 SE, VA US","36.9725","-82.5579","781.5","1994-11-01","20.0","0.6"
"USC00449215","WISE 1 SE, VA US","36.9725","-82.5579","781.5","1994-11-02","16.7","-2.2"
"USC00449215","WISE 1 SE, VA US","36.9725","-82.5579","781.5","1994-11-03","19.4","4.4"
"USC00449215","WISE 1 SE, VA US","36.9725","-82.5579","781.5","1994-11-04","23.9","7.2"
"USC00449215","WISE 1 SE, VA US","36.9725","-82.5579","781.5","1994-11-05","21.7","10.0"
"USC00449215","WISE 1 SE, VA US","36.9725","-82.5579","781.5","1994-11-06","18.9","12.8"
"USC00449215","WISE 1 SE, VA US","36.9725","-82.5579","781.5","1994-11-07","18.3","1.7"
"USC00449215","WISE 1 SE, VA US","36.9725","-82.5579","781.5","1994-11-08","20.6","6.7"
"USC00449215","WISE 1 SE, VA US","36.9725","-82.5579","781.5","1994-11-09","21.7","6.7"
"USC00449215","WISE 1 SE, VA US","36.9725","-82.5579","781.5","1994-11-10","18.9","5.0"
"USC00449215","WISE 1 SE, VA US","36.9725","-82.5579","781.5","1994-11-11","20.0","-2.2"
"USC00449215","WISE 1 SE, VA US","36.9725","-82.5579","781.5","1994-11-12","21.1","1.1"
"USC00449215","WISE 1 SE, VA US","36.9725","-82.5579","781.5","1994-11-13","22.8","3.9"
"USC00449215","WISE 1 SE, VA US","36.9725","-82.5579","781.5","1994-11-14","23.3","6.7"
"USC00449215","WISE 1 SE, VA US","36.9725","-82.5579","781.5","1994-11-15","20.6","6.1"
"USC00449215","WISE 1 SE, VA US","36.9725","-82.5579","781.5","1994-11-16","17.2","8.9"
"USC00449215","WISE 1 SE, VA US","36.9725","-82.5579","781.5","1994-11-17","17.8","3.9"
"USC00449215","WISE 1 SE, VA US","36.9725","-82.5579","781.5","1994-11-18","19.4","5.0"
"USC00449215","WISE 1 SE, VA US","36.9725","-82.5579","781.5","1994-11-19","16.1","3.9"
"USC00449215","WISE 1 SE, VA US","36.9725","-82.5579","781.5","1994-11-20","20.0","5.6"
"USC00449215","WISE 1 SE, VA US","36.9725","-82.5579","781.5","1994-11-21","18.3","7.2"
"USC00449215","WISE 1 SE, VA US","36.9725","-82.5579","781.5","1994-11-22","16.1","1.1"
"USC00449215","WISE 1 SE, VA US","36.9725","-82.5579","781.5","1994-11-23","6.1","-6.1"
"USC00449215","WISE 1 SE, VA US","36.9725","-82.5579","781.5","1994-11-24","6.7","-5.6"
"USC00449215","WISE 1 SE, VA US","36.9725","-82.5579","781.5","1994-11-25","11.1","-2.2"
"USC00449215","WISE 1 SE, VA US","36.9725","-82.5579","781.5","1994-11-26","8.9","1.7"
"USC00449215","WISE 1 SE, VA US","36.9725","-82.5579","781.5","1994-11-27","8.9","3.3"
"USC00449215","WISE 1 SE, VA US","36.9725","-82.5579","781.5","1994-11-28","13.3","6.7"
"USC00449215","WISE 1 SE, VA US","36.9725","-82.5579","781.5","1994-11-29","12.8","-2.8"
"USC00449215","WISE 1 SE, VA US","36.9725","-82.5579","781.5","1994-11-30","9.4","-3.3"
"USC00449215","WISE 1 SE, VA US","36.9725","-82.5579","781.5","1994-12-01","10.0","-6.7"
"USC00449215","WISE 1 SE, VA US","36.9725","-82.5579","781.5","1994-12-02","15.0","-3.3"
"USC00449215","WISE 1 SE, VA US","36.9725","-82.5579","781.5","1994-12-03","16.1","2.2"
"USC00449215","WISE 1 SE, VA US","36.9725","-82.5579","781.5","1994-12-04","14.4","8.9"
"USC00449215","WISE 1 SE, VA US","36.9725","-82.5579","781.5","1994-12-05","15.0","12.2"
"USC00449215","WISE 1 SE, VA US","36.9725","-82.5579","781.5","1994-12-06","13.9","6.1"
"USC00449215","WISE 1 SE, VA US","36.9725","-82.5579","781.5","1994-12-07","12.2","7.2"
"USC00449215","WISE 1 SE, VA US","36.9725","-82.5579","781.5","1994-12-08","11.1","1.7"
"USC00449215","WISE 1 SE, VA US","36.9725","-82.5579","781.5","1994-12-09","17.2","3.3"
"USC00449215","WISE 1 SE, VA US","36.9725","-82.5579","781.5","1994-12-10","13.9","8.3"
"USC00449215","WISE 1 SE, VA US","36.9725","-82.5579","781.5","1994-12-11","11.1","-5.6"
"USC00449215","WISE 1 SE, VA US","36.9725","-82.5579","781.5","1994-12-12","8.3","-10.0"
"USC00449215","WISE 1 SE, VA US","36.9725","-82.5579","781.5","1994-12-13","7.8","-6.7"
"USC00449215","WISE 1 SE, VA US","36.9725","-82.5579","781.5","1994-12-14","12.2","-3.3"
"USC00449215","WISE 1 SE, VA US","36.9725","-82.5579","781.5","1994-12-15","12.8","-0.6"
"USC00449215","WISE 1 SE, VA US","36.9725","-82.5579","781.5","1994-12-16","10.0","3.9"
"USC00449215","WISE 1 SE, VA US","36.9725","-82.5579","781.5","1994-12-17","6.7","4.4"
"USC00449215","WISE 1 SE, VA US","36.9725","-82.5579","781.5","1994-12-18","6.1","-1.1"
"USC00449215","WISE 1 SE, VA US","36.9725","-82.5579","781.5","1994-12-19","5.0","-2.2"
"USC00449215","WISE 1 SE, VA US","36.9725","-82.5579","781.5","1994-12-20","11.7","-6.1"
"USC00449215","WISE 1 SE, VA US","36.9725","-82.5579","781.5","1994-12-21","15.0","-1.7"
"USC00449215","WISE 1 SE, VA US","36.9725","-82.5579","781.5","1994-12-22","8.9","3.9"
"USC00449215","WISE 1 SE, VA US","36.9725","-82.5579","781.5","1994-12-23","6.1","1.7"
"USC00449215","WISE 1 SE, VA US","36.9725","-82.5579","781.5","1994-12-24","5.6","-1.7"
"USC00449215","WISE 1 SE, VA US","36.9725","-82.5579","781.5","1994-12-25","6.7","-1.7"
"USC00449215","WISE 1 SE, VA US","36.9725","-82.5579","781.5","1994-12-26","11.1","-5.0"
"USC00449215","WISE 1 SE, VA US","36.9725","-82.5579","781.5","1994-12-27","14.4","-2.8"
"USC00449215","WISE 1 SE, VA US","36.9725","-82.5579","781.5","1994-12-28","15.0","0.6"
"USC00449215","WISE 1 SE, VA US","36.9725","-82.5579","781.5","1994-12-29","10.6","-1.1"
"USC00449215","WISE 1 SE, VA US","36.9725","-82.5579","781.5","1994-12-30","13.3","1.1"
"USC00449215","WISE 1 SE, VA US","36.9725","-82.5579","781.5","1994-12-31","11.1","3.9"
"USC00449215","WISE 1 SE, VA US","36.9725","-82.5579","781.5","1995-01-01","8.3","5.0"
"USC00449215","WISE 1 SE, VA US","36.9725","-82.5579","781.5","1995-01-02","6.1","-7.2"
"USC00449215","WISE 1 SE, VA US","36.9725","-82.5579","781.5","1995-01-03","0.0","-9.4"
"USC00449215","WISE 1 SE, VA US","36.9725","-82.5579","781.5","1995-01-04","-0.6","-7.2"
"USC00449215","WISE 1 SE, VA US","36.9725","-82.5579","781.5","1995-01-05","-0.6","-18.3"
"USC00449215","WISE 1 SE, VA US","36.9725","-82.5579","781.5","1995-01-06","1.7","-10.0"
"USC00449215","WISE 1 SE, VA US","36.9725","-82.5579","781.5","1995-01-07","5.6","-2.8"
"USC00449215","WISE 1 SE, VA US","36.9725","-82.5579","781.5","1995-01-08","3.3","-6.1"
"USC00449215","WISE 1 SE, VA US","36.9725","-82.5579","781.5","1995-01-09","7.8","-1.1"
"USC00449215","WISE 1 SE, VA US","36.9725","-82.5579","781.5","1995-01-10","13.3","-3.9"
"USC00449215","WISE 1 SE, VA US","36.9725","-82.5579","781.5","1995-01-11","12.8","4.4"
"USC00449215","WISE 1 SE, VA US","36.9725","-82.5579","781.5","1995-01-12","12.8","6.7"
"USC00449215","WISE 1 SE, VA US","36.9725","-82.5579","781.5","1995-01-13","17.2","5.0"
"USC00449215","WISE 1 SE, VA US","36.9725","-82.5579","781.5","1995-01-14","15.0","9.4"
"USC00449215","WISE 1 SE, VA US","36.9725","-82.5579","781.5","1995-01-15","13.3","7.8"
"USC00449215","WISE 1 SE, VA US","36.9725","-82.5579","781.5","1995-01-16","9.4","1.1"
"USC00449215","WISE 1 SE, VA US","36.9725","-82.5579","781.5","1995-01-17","16.1","-0.6"
"USC00449215","WISE 1 SE, VA US","36.9725","-82.5579","781.5","1995-01-18","18.3","1.7"
"USC00449215","WISE 1 SE, VA US","36.9725","-82.5579","781.5","1995-01-19","13.3","4.4"
"USC00449215","WISE 1 SE, VA US","36.9725","-82.5579","781.5","1995-01-20","10.0","-2.8"
"USC00449215","WISE 1 SE, VA US","36.9725","-82.5579","781.5","1995-01-21","-1.1","-5.6"
"USC00449215","WISE 1 SE, VA US","36.9725","-82.5579","781.5","1995-01-22","0.6","-7.8"
"USC00449215","WISE 1 SE, VA US","36.9725","-82.5579","781.5","1995-01-23","2.2","-8.9"
"USC00449215","WISE 1 SE, VA US","36.9725","-82.5579","781.5","1995-01-24","-1.7","-10.0"
"USC00449215","WISE 1 SE, VA US","36.9725","-82.5579","781.5","1995-01-25","4.4","-12.8"
"USC00449215","WISE 1 SE, VA US","36.9725","-82.5579","781.5","1995-01-26","3.9","-6.1"
"USC00449215","WISE 1 SE, VA US","36.9725","-82.5579","781.5","1995-01-27","6.1","-8.9"
"USC00449215","WISE 1 SE, VA US","36.9725","-82.5579","781.5","1995-01-28","7.2","1.1"
"USC00449215","WISE 1 SE, VA US","36.9725","-82.5579","781.5","1995-01-29","6.1","-0.6"
"USC00449215","WISE 1 SE, VA US","36.9725","-82.5579","781.5","1995-01-30","0.6","-3.9"
"USC00449215","WISE 1 SE, VA US","36.9725","-82.5579","781.5","1995-01-31","1.7","-5.6"
"USC00449215","WISE 1 SE, VA US","36.9725","-82.5579","781.5","1995-02-01","7.2","-2.8"
"USC00449215","WISE 1 SE, VA US","36.9725","-82.5579","781.5","1995-02-02","6.7","0.6"
"USC00449215","WISE 1 SE, VA US","36.9725","-82.5579","781.5","1995-02-03","12.2","-1.7"
"USC00449215","WISE 1 SE, VA US","36.9725","-82.5579","781.5","1995-02-04","11.1","-7.8"
"USC00449215","WISE 1 SE, VA US","36.9725","-82.5579","781.5","1995-02-05","-4.4","-10.0"
"USC00449215","WISE 1 SE, VA US","36.9725","-82.5579","781.5","1995-02-06","-5.0","-17.2"
"USC00449215","WISE 1 SE, VA US","36.9725","-82.5579","781.5","1995-02-07","-3.3","-16.7"
"USC00449215","WISE 1 SE, VA US","36.9725","-82.5579","781.5","1995-02-08","-5.0","-14.4"
"USC00449215","WISE 1 SE, VA US","36.9725","-82.5579","781.5","1995-02-09","-1.7","-20.0"
"USC00449215","WISE 1 SE, VA US","36.9725","-82.5579","781.5","1995-02-10","1.1","-7.2"
"USC00449215","WISE 1 SE, VA US","36.9725","-82.5579","781.5","1995-02-11","0.6","-5.0"
"USC00449215","WISE 1 SE, VA US","36.9725","-82.5579","781.5","1995-02-12","-3.9","-15.6"
"USC00449215","WISE 1 SE, VA US","36.9725","-82.5579","781.5","1995-02-13","0.6","-14.4"
"USC00449215","WISE 1 SE, VA US","36.9725","-82.5579","781.5","1995-02-14","4.4","-6.1"
"USC00449215","WISE 1 SE, VA US","36.9725","-82.5579","781.5","1995-02-15","7.2","0.0"
"USC00449215","WISE 1 SE, VA US","36.9725","-82.5579","781.5","1995-02-16","8.3","3.3"
"USC00449215","WISE 1 SE, VA US","36.9725","-82.5579","781.5","1995-02-17","8.3","0.0"
"USC00449215","WISE 1 SE, VA US","36.9725","-82.5579","781.5","1995-02-18","15.0","1.1"
"USC00449215","WISE 1 SE, VA US","36.9725","-82.5579","781.5","1995-02-19","13.9","3.3"
"USC00449215","WISE 1 SE, VA US","36.9725","-82.5579","781.5","1995-02-20","11.7","3.3"
"USC00449215","WISE 1 SE, VA US","36.9725","-82.5579","781.5","1995-02-21","10.0","-3.3"
"USC00449215","WISE 1 SE, VA US","36.9725","-82.5579","781.5","1995-02-22","9.4","-8.9"
"USC00449215","WISE 1 SE, VA US","36.9725","-82.5579","781.5","1995-02-23","16.7","5.6"
"USC00449215","WISE 1 SE, VA US","36.9725","-82.5579","781.5","1995-02-24","14.4","-1.7"
"USC00449215","WISE 1 SE, VA US","36.9725","-82.5579","781.5","1995-02-25","10.6","-7.2"
"USC00449215","WISE 1 SE, VA US","36.9725","-82.5579","781.5","1995-02-26","18.9","6.1"
"USC00449215","WISE 1 SE, VA US","36.9725","-82.5579","781.5","1995-02-27","17.2","10.0"
"USC00449215","WISE 1 SE, VA US","36.9725","-82.5579","781.5","1995-02-28","11.1","6.1"
"USC00449215","WISE 1 SE, VA US","36.9725","-82.5579","781.5","1995-03-01","8.9","-0.6"
"USC00449215","WISE 1 SE, VA US","36.9725","-82.5579","781.5","1995-03-02","0.0","-3.3"
"USC00449215","WISE 1 SE, VA US","36.9725","-82.5579","781.5","1995-03-03","0.0","-3.3"
"USC00449215","WISE 1 SE, VA US","36.9725","-82.5579","781.5","1995-03-04","3.9","-2.2"
"USC00449215","WISE 1 SE, VA US","36.9725","-82.5579","781.5","1995-03-05","8.3","0.6"
"USC00449215","WISE 1 SE, VA US","36.9725","-82.5579","781.5","1995-03-06","12.8","7.2"
"USC00449215","WISE 1 SE, VA US","36.9725","-82.5579","781.5","1995-03-07","20.0","10.0"
"USC00449215","WISE 1 SE, VA US","36.9725","-82.5579","781.5","1995-03-08","19.4","-4.4"
"USC00449215","WISE 1 SE, VA US","36.9725","-82.5579","781.5","1995-03-09","-0.6","-8.9"
"USC00449215","WISE 1 SE, VA US","36.9725","-82.5579","781.5","1995-03-10","8.9","-12.2"
"USC00449215","WISE 1 SE, VA US","36.9725","-82.5579","781.5","1995-03-11","15.0","-4.4"
"USC00449215","WISE 1 SE, VA US","36.9725","-82.5579","781.5","1995-03-12","19.4","0.0"
"USC00449215","WISE 1 SE, VA US","36.9725","-82.5579","781.5","1995-03-13","22.2","1.7"
"USC00449215","WISE 1 SE, VA US","36.9725","-82.5579","781.5","1995-03-14","22.2","3.9"
"USC00449215","WISE 1 SE, VA US","36.9725","-82.5579","781.5","1995-03-15","22.8","3.3"
"USC00449215","WISE 1 SE, VA US","36.9725","-82.5579","781.5","1995-03-16","22.8","4.4"
"USC00449215","WISE 1 SE, VA US","36.9725","-82.5579","781.5","1995-03-17","20.0","5.0"
"USC00449215","WISE 1 SE, VA US","36.9725","-82.5579","781.5","1995-03-18","18.3","0.6"
"USC00449215","WISE 1 SE, VA US","36.9725","-82.5579","781.5","1995-03-19","20.6","2.2"
"USC00449215","WISE 1 SE, VA US","36.9725","-82.5579","781.5","1995-03-20","17.8","9.4"
"USC00449215","WISE 1 SE, VA US","36.9725","-82.5579","781.5","1995-03-21","18.9","6.1"
"USC00449215","WISE 1 SE, VA US","36.9725","-82.5579","781.5","1995-03-22","21.1","9.4"
"USC00449215","WISE 1 SE, VA US","36.9725","-82.5579","781.5","1995-03-23","21.1","10.0"
"USC00449215","WISE 1 SE, VA US","36.9725","-82.5579","781.5","1995-03-24","11.7","0.6"
"USC00449215","WISE 1 SE, VA US","36.9725","-82.5579","781.5","1995-03-25","14.4","-2.2"
"USC00449215","WISE 1 SE, VA US","36.9725","-82.5579","781.5","1995-03-26","21.1","-0.6"
"USC00449215","WISE 1 SE, VA US","36.9725","-82.5579","781.5","1995-03-27","19.4","10.0"
"USC00449215","WISE 1 SE, VA US","36.9725","-82.5579","781.5","1995-03-28","15.0","5.0"
"USC00449215","WISE 1 SE, VA US","36.9725","-82.5579","781.5","1995-03-29","15.0","1.1"
"USC00449215","WISE 1 SE, VA US","36.9725","-82.5579","781.5","1995-03-30","14.4","-1.1"
"USC00449215","WISE 1 SE, VA US","36.9725","-82.5579","781.5","1995-03-31","13.3","-0.6"
"USC00449215","WISE 1 SE, VA US","36.9725","-82.5579","781.5","1995-04-01","12.2","-2.2"
"USC00449215","WISE 1 SE, VA US","36.9725","-82.5579","781.5","1995-04-02","12.8","0.0"
"USC00449215","WISE 1 SE, VA US","36.9725","-82.5579","781.5","1995-04-03","20.0","0.6"
"USC00449215","WISE 1 SE, VA US","36.9725","-82.5579","781.5","1995-04-04","20.0","7.8"
"USC00449215","WISE 1 SE, VA US","36.9725","-82.5579","781.5","1995-04-05","14.4","-4.4"
"USC00449215","WISE 1 SE, VA US","36.9725","-82.5579","781.5","1995-04-06","21.7","2.8"
"USC00449215","WISE 1 SE, VA US","36.9725","-82.5579","781.5","1995-04-07","22.2","7.2"
"USC00449215","WISE 1 SE, VA US","36.9725","-82.5579","781.5","1995-04-08","25.0","6.7"
"USC00449215","WISE 1 SE, VA US","36.9725","-82.5579","781.5","1995-04-09","25.0","8.9"
"USC00449215","WISE 1 SE, VA US","36.9725","-82.5579","781.5","1995-04-10","28.9","15.6"
"USC00449215","WISE 1 SE, VA US","36.9725","-82.5579","781.5","1995-04-11","27.8","12.8"
"USC00449215","WISE 1 SE, VA US","36.9725","-82.5579","781.5","1995-04-12","18.9","8.3"
"USC00449215","WISE 1 SE, VA US","36.9725","-82.5579","781.5","1995-04-13","13.3","6.1"
"USC00449215","WISE 1 SE, VA US","36.9725","-82.5579","781.5","1995-04-14","16.1","2.2"
"USC00449215","WISE 1 SE, VA US","36.9725","-82.5579","781.5","1995-04-15","18.3","0.6"
"USC00449215","WISE 1 SE, VA US","36.9725","-82.5579","781.5","1995-04-16","23.9","7.8"
"USC00449215","WISE 1 SE, VA US","36.9725","-82.5579","781.5","1995-04-17","22.8","14.4"
"USC00449215","WISE 1 SE, VA US","36.9725","-82.5579","781.5","1995-04-18","25.0","13.9"
"USC00449215","WISE 1 SE, VA US","36.9725","-82.5579","781.5","1995-04-19","27.2","16.7"
"USC00449215","WISE 1 SE, VA US","36.9725","-82.5579","781.5","1995-04-20","26.1","10.6"
"USC00449215","WISE 1 SE, VA US","36.9725","-82.5579","781.5","1995-04-21","22.8","13.9"
"USC00449215","WISE 1 SE, VA US","36.9725","-82.5579","781.5","1995-04-22","23.3","8.3"
"USC00449215","WISE 1 SE, VA US","36.9725","-82.5579","781.5","1995-04-23","14.4","3.9"
"USC00449215","WISE 1 SE, VA US","36.9725","-82.5579","781.5","1995-04-24","8.9","1.1"
"USC00449215","WISE 1 SE, VA US","36.9725","-82.5579","781.5","1995-04-25","13.9","0.0"
"USC00449215","WISE 1 SE, VA US","36.9725","-82.5579","781.5","1995-04-26","20.0","0.6"
"USC00449215","WISE 1 SE, VA US","36.9725","-82.5579","781.5","1995-04-27","20.0","8.9"
"USC00449215","WISE 1 SE, VA US","36.9725","-82.5579","781.5","1995-04-28","16.1","2.8"
"USC00449215","WISE 1 SE, VA US","36.9725","-82.5579","781.5","1995-04-29","22.2","2.8"
"USC00449215","WISE 1 SE, VA US","36.9725","-82.5579","781.5","1995-04-30","21.7","10.6"
"USC00449215","WISE 1 SE, VA US","36.9725","-82.5579","781.5","1995-05-01","13.9","7.2"
"USC00449215","WISE 1 SE, VA US","36.9725","-82.5579","781.5","1995-05-02","12.2","5.0"
"USC00449215","WISE 1 SE, VA US","36.9725","-82.5579","781.5","1995-05-03","18.9","1.1"
"USC00449215","WISE 1 SE, VA US","36.9725","-82.5579","781.5","1995-05-04","17.2","8.3"
"USC00449215","WISE 1 SE, VA US","36.9725","-82.5579","781.5","1995-05-05","14.4","9.4"
"USC00449215","WISE 1 SE, VA US","36.9725","-82.5579","781.5","1995-05-06","18.3","2.8"
"USC00449215","WISE 1 SE, VA US","36.9725","-82.5579","781.5","1995-05-07","23.3","5.0"
"USC00449215","WISE 1 SE, VA US","36.9725","-82.5579","781.5","1995-05-08","26.7","7.8"
"USC00449215","WISE 1 SE, VA US","36.9725","-82.5579","781.5","1995-05-09","26.1","14.4"
"USC00449215","WISE 1 SE, VA US","36.9725","-82.5579","781.5","1995-05-10","24.4","13.3"
"USC00449215","WISE 1 SE, VA US","36.9725","-82.5579","781.5","1995-05-11","19.4","12.2"
"USC00449215","WISE 1 SE, VA US","36.9725","-82.5579","781.5","1995-05-12","17.8","6.7"
"USC00449215","WISE 1 SE, VA US","36.9725","-82.5579","781.5","1995-05-13","15.6","6.1"
"USC00449215","WISE 1 SE, VA US","36.9725","-82.5579","781.5","1995-05-14","24.4","13.9"
"USC00449215","WISE 1 SE, VA US","36.9725","-82.5579","781.5","1995-05-15","23.3","15.6"
"USC00449215","WISE 1 SE, VA US","36.9725","-82.5579","781.5","1995-05-16","24.4","8.3"
"USC00449215","WISE 1 SE, VA US","36.9725","-82.5579","781.5","1995-05-17","23.9","15.0"
"USC00449215","WISE 1 SE, VA US","36.9725","-82.5579","781.5","1995-05-18","23.9","17.2"
"USC00449215","WISE 1 SE, VA US","36.9725","-82.5579","781.5","1995-05-19","22.8","10.0"
"USC00449215","WISE 1 SE, VA US","36.9725","-82.5579","781.5","1995-05-20","21.7","4.4"
"USC00449215","WISE 1 SE, VA US","36.9725","-82.5579","781.5","1995-05-21","23.3","6.7"
"USC00449215","WISE 1 SE, VA US","36.9725","-82.5579","781.5","1995-05-22","23.3","11.1"
"USC00449215","WISE 1 SE, VA US","36.9725","-82.5579","781.5","1995-05-23","25.6","8.9"
"USC00449215","WISE 1 SE, VA US","36.9725","-82.5579","781.5","1995-05-24","27.2","12.8"
"USC00449215","WISE 1 SE, VA US","36.9725","-82.5579","781.5","1995-05-25","27.8","13.3"
"USC00449215","WISE 1 SE, VA US","36.9725","-82.5579","781.5","1995-05-26","26.7","15.0"
"USC00449215","WISE 1 SE, VA US","36.9725","-82.5579","781.5","1995-05-27","26.1","14.4"
"USC00449215","WISE 1 SE, VA US","36.9725","-82.5579","781.5","1995-05-28","24.4","15.6"
"USC00449215","WISE 1 SE, VA US","36.9725","-82.5579","781.5","1995-05-29","26.7","17.2"
"USC00449215","WISE 1 SE, VA US","36.9725","-82.5579","781.5","1995-05-30","26.1","12.2"
"USC00449215","WISE 1 SE, VA US","36.9725","-82.5579","781.5","1995-05-31","23.9","7.2"
"USC00449215","WISE 1 SE, VA US","36.9725","-82.5579","781.5","1995-06-01","25.0","16.1"
"USC00449215","WISE 1 SE, VA US","36.9725","-82.5579","781.5","1995-06-02","22.2","15.6"
"USC00449215","WISE 1 SE, VA US","36.9725","-82.5579","781.5","1995-06-03","25.6","15.0"
"USC00449215","WISE 1 SE, VA US","36.9725","-82.5579","781.5","1995-06-04","26.7","13.3"
"USC00449215","WISE 1 SE, VA US","36.9725","-82.5579","781.5","1995-06-05","26.1","16.1"
"USC00449215","WISE 1 SE, VA US","36.9725","-82.5579","781.5","1995-06-06","26.1","15.6"
"USC00449215","WISE 1 SE, VA US","36.9725","-82.5579","781.5","1995-06-07","25.6","16.7"
"USC00449215","WISE 1 SE, VA US","36.9725","-82.5579","781.5","1995-06-08","28.9","18.9"
"USC00449215","WISE 1 SE, VA US","36.9725","-82.5579","781.5","1995-06-09","29.4","15.0"
"USC00449215","WISE 1 SE, VA US","36.9725","-82.5579","781.5","1995-06-10","30.0","16.7"
"USC00449215","WISE 1 SE, VA US","36.9725","-82.5579","781.5","1995-06-11","27.8","17.2"
"USC00449215","WISE 1 SE, VA US","36.9725","-82.5579","781.5","1995-06-12","23.3","12.2"
"USC00449215","WISE 1 SE, VA US","36.9725","-82.5579","781.5","1995-06-13","18.3","10.0"
"USC00449215","WISE 1 SE, VA US","36.9725","-82.5579","781.5","1995-06-14","22.8","6.7"
"USC00449215","WISE 1 SE, VA US","36.9725","-82.5579","781.5","1995-06-15","25.0","10.0"
"USC00449215","WISE 1 SE, VA US","36.9725","-82.5579","781.5","1995-06-16","26.1","10.6"
"USC00449215","WISE 1 SE, VA US","36.9725","-82.5579","781.5","1995-06-17","26.1","10.0"
"USC00449215","WISE 1 SE, VA US","36.9725","-82.5579","781.5","1995-06-18","25.6","11.1"
"USC00449215","WISE 1 SE, VA US","36.9725","-82.5579","781.5","1995-06-19","22.8","9.4"
"USC00449215","WISE 1 SE, VA US","36.9725","-82.5579","781.5","1995-06-20","25.6","10.6"
"USC00449215","WISE 1 SE, VA US","36.9725","-82.5579","781.5","1995-06-21","26.1","12.2"
"USC00449215","WISE 1 SE, VA US","36.9725","-82.5579","781.5","1995-06-22","24.4","13.9"
"USC00449215","WISE 1 SE, VA US","36.9725","-82.5579","781.5","1995-06-23","25.0","12.2"
"USC00449215","WISE 1 SE, VA US","36.9725","-82.5579","781.5","1995-06-24","27.8","15.0"
"USC00449215","WISE 1 SE, VA US","36.9725","-82.5579","781.5","1995-06-25","25.0","14.4"
"USC00449215","WISE 1 SE, VA US","36.9725","-82.5579","781.5","1995-06-26","27.8","16.7"
"USC00449215","WISE 1 SE, VA US","36.9725","-82.5579","781.5","1995-06-27","27.8","15.0"
"USC00449215","WISE 1 SE, VA US","36.9725","-82.5579","781.5","1995-06-28","27.8","15.0"
"USC00449215","WISE 1 SE, VA US","36.9725","-82.5579","781.5","1995-06-29","28.3","15.6"
"USC00449215","WISE 1 SE, VA US","36.9725","-82.5579","781.5","1995-06-30","26.7","15.0"
"USC00449215","WISE 1 SE, VA US","36.9725","-82.5579","781.5","1995-07-01","25.6","15.0"
"USC00449215","WISE 1 SE, VA US","36.9725","-82.5579","781.5","1995-07-02","26.1","11.7"
"USC00449215","WISE 1 SE, VA US","36.9725","-82.5579","781.5","1995-07-03","25.6","13.9"
"USC00449215","WISE 1 SE, VA US","36.9725","-82.5579","781.5","1995-07-04","27.2","17.2"
"USC00449215","WISE 1 SE, VA US","36.9725","-82.5579","781.5","1995-07-05","30.0","18.3"
"USC00449215","WISE 1 SE, VA US","36.9725","-82.5579","781.5","1995-07-06","28.9","20.0"
"USC00449215","WISE 1 SE, VA US","36.9725","-82.5579","781.5","1995-07-07","28.3","15.6"
"USC00449215","WISE 1 SE, VA US","36.9725","-82.5579","781.5","1995-07-08","26.7","11.1"
"USC00449215","WISE 1 SE, VA US","36.9725","-82.5579","781.5","1995-07-09","27.2","9.4"
"USC00449215","WISE 1 SE, VA US","36.9725","-82.5579","781.5","1995-07-10","28.3","11.7"
"USC00449215","WISE 1 SE, VA US","36.9725","-82.5579","781.5","1995-07-11","30.6","15.0"
"USC00449215","WISE 1 SE, VA US","36.9725","-82.5579","781.5","1995-07-12","31.1","15.0"
"USC00449215","WISE 1 SE, VA US","36.9725","-82.5579","781.5","1995-07-13","31.7","17.8"
"USC00449215","WISE 1 SE, VA US","36.9725","-82.5579","781.5","1995-07-14","32.2","19.4"
"USC00449215","WISE 1 SE, VA US","36.9725","-82.5579","781.5","1995-07-15","33.9","17.8"
"USC00449215","WISE 1 SE, VA US","36.9725","-82.5579","781.5","1995-07-16","32.8","19.4"
"USC00449215","WISE 1 SE, VA US","36.9725","-82.5579","781.5","1995-07-17","32.2","17.2"
"USC00449215","WISE 1 SE, VA US","36.9725","-82.5579","781.5","1995-07-18","30.0","17.2"
"USC00449215","WISE 1 SE, VA US","36.9725","-82.5579","781.5","1995-07-19","29.4","12.2"
"USC00449215","WISE 1 SE, VA US","36.9725","-82.5579","781.5","1995-07-20","30.6","13.9"
"USC00449215","WISE 1 SE, VA US","36.9725","-82.5579","781.5","1995-07-21","30.0","17.2"
"USC00449215","WISE 1 SE, VA US","36.9725","-82.5579","781.5","1995-07-22","30.6","15.0"
"USC00449215","WISE 1 SE, VA US","36.9725","-82.5579","781.5","1995-07-23","30.0","20.0"
"USC00449215","WISE 1 SE, VA US","36.9725","-82.5579","781.5","1995-07-24","29.4","19.4"
"USC00449215","WISE 1 SE, VA US","36.9725","-82.5579","781.5","1995-07-25","30.6","17.8"
"USC00449215","WISE 1 SE, VA US","36.9725","-82.5579","781.5","1995-07-26","30.6","16.1"
"USC00449215","WISE 1 SE, VA US","36.9725","-82.5579","781.5","1995-07-27","30.6","18.3"
"USC00449215","WISE 1 SE, VA US","36.9725","-82.5579","781.5","1995-07-28","28.3","18.9"
"USC00449215","WISE 1 SE, VA US","36.9725","-82.5579","781.5","1995-07-29","32.2","17.8"
"USC00449215","WISE 1 SE, VA US","36.9725","-82.5579","781.5","1995-07-30","32.2","17.8"
"USC00449215","WISE 1 SE, VA US","36.9725","-82.5579","781.5","1995-07-31","32.8","18.3"
"USC00449215","WISE 1 SE, VA US","36.9725","-82.5579","781.5","1995-08-01","30.6","17.8"
"USC00449215","WISE 1 SE, VA US","36.9725","-82.5579","781.5","1995-08-02","30.6","17.2"
"USC00449215","WISE 1 SE, VA US","36.9725","-82.5579","781.5","1995-08-03","30.0","16.7"
"USC00449215","WISE 1 SE, VA US","36.9725","-82.5579","781.5","1995-08-04","29.4","19.4"
"USC00449215","WISE 1 SE, VA US","36.9725","-82.5579","781.5","1995-08-05","29.4","20.0"
"USC00449215","WISE 1 SE, VA US","36.9725","-82.5579","781.5","1995-08-06","28.3","18.9"
"USC00449215","WISE 1 SE, VA US","36.9725","-82.5579","781.5","1995-08-07","25.0","15.0"
"USC00449215","WISE 1 SE, VA US","36.9725","-82.5579","781.5","1995-08-08","25.0","16.7"
"USC00449215","WISE 1 SE, VA US","36.9725","-82.5579","781.5","1995-08-09","26.1","16.7"
"USC00449215","WISE 1 SE, VA US","36.9725","-82.5579","781.5","1995-08-10","26.1","17.8"
"USC00449215","WISE 1 SE, VA US","36.9725","-82.5579","781.5","1995-08-11","30.0","17.8"
"USC00449215","WISE 1 SE, VA US","36.9725","-82.5579","781.5","1995-08-12","31.7","16.7"
"USC00449215","WISE 1 SE, VA US","36.9725","-82.5579","781.5","1995-08-13","32.2","18.3"
"USC00449215","WISE 1 SE, VA US","36.9725","-82.5579","781.5","1995-08-14","32.8","18.9"
"USC00449215","WISE 1 SE, VA US","36.9725","-82.5579","781.5","1995-08-15","32.2","18.9"
"USC00449215","WISE 1 SE, VA US","36.9725","-82.5579","781.5","1995-08-16","32.2","18.3"
"USC00449215","WISE 1 SE, VA US","36.9725","-82.5579","781.5","1995-08-17","32.2","18.3"
"USC00449215","WISE 1 SE, VA US","36.9725","-82.5579","781.5","1995-08-18","32.2","19.4"
"USC00449215","WISE 1 SE, VA US","36.9725","-82.5579","781.5","1995-08-19","29.4","18.3"
"USC00449215","WISE 1 SE, VA US","36.9725","-82.5579","781.5","1995-08-20","29.4","17.8"
"USC00449215","WISE 1 SE, VA US","36.9725","-82.5579","781.5","1995-08-21","28.9","17.2"
"USC00449215","WISE 1 SE, VA US","36.9725","-82.5579","781.5","1995-08-22","29.4","17.2"
"USC00449215","WISE 1 SE, VA US","36.9725","-82.5579","781.5","1995-08-23","30.0","13.3"
"USC00449215","WISE 1 SE, VA US","36.9725","-82.5579","781.5","1995-08-24","30.6","15.6"
"USC00449215","WISE 1 SE, VA US","36.9725","-82.5579","781.5","1995-08-25","31.7","16.1"
"USC00449215","WISE 1 SE, VA US","36.9725","-82.5579","781.5","1995-08-26","30.6","17.8"
"USC00449215","WISE 1 SE, VA US","36.9725","-82.5579","781.5","1995-08-27","25.6","18.3"
"USC00449215","WISE 1 SE, VA US","36.9725","-82.5579","781.5","1995-08-28","30.6","15.6"
"USC00449215","WISE 1 SE, VA US","36.9725","-82.5579","781.5","1995-08-29","30.6","16.1"
"USC00449215","WISE 1 SE, VA US","36.9725","-82.5579","781.5","1995-08-30","31.1","16.7"
"USC00449215","WISE 1 SE, VA US","36.9725","-82.5579","781.5","1995-08-31","33.3","16.1"
"USC00449215","WISE 1 SE, VA US","36.9725","-82.5579","781.5","1995-09-01","31.1","15.6"
"USC00449215","WISE 1 SE, VA US","36.9725","-82.5579","781.5","1995-09-02","24.4","10.0"
"USC00449215","WISE 1 SE, VA US","36.9725","-82.5579","781.5","1995-09-03","27.2","6.7"
"USC00449215","WISE 1 SE, VA US","36.9725","-82.5579","781.5","1995-09-04","28.3","8.3"
"USC00449215","WISE 1 SE, VA US","36.9725","-82.5579","781.5","1995-09-05","24.4","10.6"
"USC00449215","WISE 1 SE, VA US","36.9725","-82.5579","781.5","1995-09-06","26.1","8.9"
"USC00449215","WISE 1 SE, VA US","36.9725","-82.5579","781.5","1995-09-07","28.9","12.2"
"USC00449215","WISE 1 SE, VA US","36.9725","-82.5579","781.5","1995-09-08","28.3","16.1"
"USC00449215","WISE 1 SE, VA US","36.9725","-82.5579","781.5","1995-09-09","28.9","13.9"
"USC00449215","WISE 1 SE, VA US","36.9725","-82.5579","781.5","1995-09-10","28.3","17.2"
"USC00449215","WISE 1 SE, VA US","36.9725","-82.5579","781.5","1995-09-11","27.8","12.2"
"USC00449215","WISE 1 SE, VA US","36.9725","-82.5579","781.5","1995-09-12","27.2","15.6"
"USC00449215","WISE 1 SE, VA US","36.9725","-82.5579","781.5","1995-09-13","26.1","15.6"
"USC00449215","WISE 1 SE, VA US","36.9725","-82.5579","781.5","1995-09-14","28.3","15.0"
"USC00449215","WISE 1 SE, VA US","36.9725","-82.5579","781.5","1995-09-15","27.2","13.9"
"USC00449215","WISE 1 SE, VA US","36.9725","-82.5579","781.5","1995-09-16","26.1","15.0"
"USC00449215","WISE 1 SE, VA US","36.9725","-82.5579","781.5","1995-09-17","21.1","15.0"
"USC00449215","WISE 1 SE, VA US","36.9725","-82.5579","781.5","1995-09-18","18.9","13.3"
"USC00449215","WISE 1 SE, VA US","36.9725","-82.5579","781.5","1995-09-19","25.6","7.2"
"USC00449215","WISE 1 SE, VA US","36.9725","-82.5579","781.5","1995-09-20","25.0","13.3"
"USC00449215","WISE 1 SE, VA US","36.9725","-82.5579","781.5","1995-09-21","20.0","15.6"
"USC00449215","WISE 1 SE, VA US","36.9725","-82.5579","781.5","1995-09-22","19.4","10.0"
"USC00449215","WISE 1 SE, VA US","36.9725","-82.5579","781.5","1995-09-23","10.6","4.4"
"USC00449215","WISE 1 SE, VA US","36.9725","-82.5579","781.5","1995-09-24","15.0","8.3"
"USC00449215","WISE 1 SE, VA US","36.9725","-82.5579","781.5","1995-09-25","20.6","12.2"
"USC00449215","WISE 1 SE, VA US","36.9725","-82.5579","781.5","1995-09-26","18.9","11.7"
"USC00449215","WISE 1 SE, VA US","36.9725","-82.5579","781.5","1995-09-27","21.1","7.8"
"USC00449215","WISE 1 SE, VA US","36.9725","-82.5579","781.5","1995-09-28","23.3","7.2"
"USC00449215","WISE 1 SE, VA US","36.9725","-82.5579","781.5","1995-09-29","22.8","7.8"
"USC00449215","WISE 1 SE, VA US","36.9725","-82.5579","781.5","1995-09-30","21.7","7.8"
"USC00449215","WISE 1 SE, VA US","36.9725","-82.5579","781.5","1995-10-01","24.4","9.4"
"USC00449215","WISE 1 SE, VA US","36.9725","-82.5579","781.5","1995-10-02","23.9","13.3"
"USC00449215","WISE 1 SE, VA US","36.9725","-82.5579","781.5","1995-10-03","21.7","12.8"
"USC00449215","WISE 1 SE, VA US","36.9725","-82.5579","781.5","1995-10-04","18.9","14.4"
"USC00449215","WISE 1 SE, VA US","36.9725","-82.5579","781.5","1995-10-05","22.8","15.6"
"USC00449215","WISE 1 SE, VA US","36.9725","-82.5579","781.5","1995-10-06","24.4","15.6"
"USC00449215","WISE 1 SE, VA US","36.9725","-82.5579","781.5","1995-10-07","22.2","6.7"
"USC00449215","WISE 1 SE, VA US","36.9725","-82.5579","781.5","1995-10-08","18.3","6.1"
"USC00449215","WISE 1 SE, VA US","36.9725","-82.5579","781.5","1995-10-09","23.3","5.0"
"USC00449215","WISE 1 SE, VA US","36.9725","-82.5579","781.5","1995-10-10","23.9","6.1"
"USC00449215","WISE 1 SE, VA US","36.9725","-82.5579","781.5","1995-10-11","23.9","8.3"
"USC00449215","WISE 1 SE, VA US","36.9725","-82.5579","781.5","1995-10-12","26.7","8.3"
"USC00449215","WISE 1 SE, VA US","36.9725","-82.5579","781.5","1995-10-13","23.3","12.2"
"USC00449215","WISE 1 SE, VA US","36.9725","-82.5579","781.5","1995-10-14","18.9","10.6"
"USC00449215","WISE 1 SE, VA US","36.9725","-82.5579","781.5","1995-10-15","14.4","2.8"
"USC00449215","WISE 1 SE, VA US","36.9725","-82.5579","781.5","1995-10-16","16.1","2.2"
"USC00449215","WISE 1 SE, VA US","36.9725","-82.5579","781.5","1995-10-17","20.0","-1.1"
"USC00449215","WISE 1 SE, VA US","36.9725","-82.5579","781.5","1995-10-18","21.1","2.8"
"USC00449215","WISE 1 SE, VA US","36.9725","-82.5579","781.5","1995-10-19","22.8","2.2"
"USC00449215","WISE 1 SE, VA US","36.9725","-82.5579","781.5","1995-10-20","20.6","6.7"
"USC00449215","WISE 1 SE, VA US","36.9725","-82.5579","781.5","1995-10-21","8.3","-1.1"
"USC00449215","WISE 1 SE, VA US","36.9725","-82.5579","781.5","1995-10-22","20.6","-0.6"
"USC00449215","WISE 1 SE, VA US","36.9725","-82.5579","781.5","1995-10-23","23.9","3.3"
"USC00449215","WISE 1 SE, VA US","36.9725","-82.5579","781.5","1995-10-24","22.2","11.7"
"USC00449215","WISE 1 SE, VA US","36.9725","-82.5579","781.5","1995-10-25","15.6","-0.6"
"USC00449215","WISE 1 SE, VA US","36.9725","-82.5579","781.5","1995-10-26","21.7","0.6"
"USC00449215","WISE 1 SE, VA US","36.9725","-82.5579","781.5","1995-10-27","17.8","8.3"
"USC00449215","WISE 1 SE, VA US","36.9725","-82.5579","781.5","1995-10-28","14.4","4.4"
"USC00449215","WISE 1 SE, VA US","36.9725","-82.5579","781.5","1995-10-29","11.7","3.3"
"USC00449215","WISE 1 SE, VA US","36.9725","-82.5579","781.5","1995-10-30","15.0","-1.1"
"USC00449215","WISE 1 SE, VA US","36.9725","-82.5579","781.5","1995-10-31","14.4","8.3"
"USC00449215","WISE 1 SE, VA US","36.9725","-82.5579","781.5","1995-11-01","15.6","11.1"
"USC00449215","WISE 1 SE, VA US","36.9725","-82.5579","781.5","1995-11-02","17.2","13.9"
"USC00449215","WISE 1 SE, VA US","36.9725","-82.5579","781.5","1995-11-03","16.7","3.3"
"USC00449215","WISE 1 SE, VA US","36.9725","-82.5579","781.5","1995-11-04","4.4","-4.4"
"USC00449215","WISE 1 SE, VA US","36.9725","-82.5579","781.5","1995-11-05","5.6","-7.8"
"USC00449215","WISE 1 SE, VA US","36.9725","-82.5579","781.5","1995-11-06","10.0","-3.9"
"USC00449215","WISE 1 SE, VA US","36.9725","-82.5579","781.5","1995-11-07","11.1","4.4"
"USC00449215","WISE 1 SE, VA US","36.9725","-82.5579","781.5","1995-11-08","8.3","-1.7"
"USC00449215","WISE 1 SE, VA US","36.9725","-82.5579","781.5","1995-11-09","6.1","-8.3"
"USC00449215","WISE 1 SE, VA US","36.9725","-82.5579","781.5","1995-11-10","14.4","-1.1"
"USC00449215","WISE 1 SE, VA US","36.9725","-82.5579","781.5","1995-11-11","12.8","-1.7"
"USC00449215","WISE 1 SE, VA US","36.9725","-82.5579","781.5","1995-11-12","4.4","-8.3"
"USC00449215","WISE 1 SE, VA US","36.9725","-82.5579","781.5","1995-11-13","8.3","-1.1"
"USC00449215","WISE 1 SE, VA US","36.9725","-82.5579","781.5","1995-11-14","6.7","-6.1"
"USC00449215","WISE 1 SE, VA US","36.9725","-82.5579","781.5","1995-11-15","2.2","-3.3"
"USC00449215","WISE 1 SE, VA US","36.9725","-82.5579","781.5","1995-11-16","3.9","-5.0"
"USC00449215","WISE 1 SE, VA US","36.9725","-82.5579","781.5","1995-11-17","6.7","-5.6"
"USC00449215","WISE 1 SE, VA US","36.9725","-82.5579","781.5","1995-11-18","11.1","1.1"
"USC00449215","WISE 1 SE, VA US","36.9725","-82.5579","781.5","1995-11-19","12.8","2.2"
"USC00449215","WISE 1 SE, VA US","36.9725","-82.5579","781.5","1995-11-20","16.1","-1.1"
"USC00449215","WISE 1 SE, VA US","36.9725","-82.5579","781.5","1995-11-21","13.3","2.2"
"USC00449215","WISE 1 SE, VA US","36.9725","-82.5579","781.5","1995-11-22","7.2","-5.6"
"USC00449215","WISE 1 SE, VA US","36.9725","-82.5579","781.5","1995-11-23","5.0","-1.1"
"USC00449215","WISE 1 SE, VA US","36.9725","-82.5579","781.5","1995-11-24","2.8","-1.1"
"USC00449215","WISE 1 SE, VA US","36.9725","-82.5579","781.5","1995-11-25","8.9","-2.2"
"USC00449215","WISE 1 SE, VA US","36.9725","-82.5579","781.5","1995-11-26","13.9","0.6"
"USC00449215","WISE 1 SE, VA US","36.9725","-82.5579","781.5","1995-11-27","12.8","6.1"
"USC00449215","WISE 1 SE, VA US","36.9725","-82.5579","781.5","1995-11-28","14.4","2.2"
"USC00449215","WISE 1 SE, VA US","36.9725","-82.5579","781.5","1995-11-29","2.2","-1.7"
"USC00449215","WISE 1 SE, VA US","36.9725","-82.5579","781.5","1995-11-30","8.3","-5.6"
"USC00449215","WISE 1 SE, VA US","36.9725","-82.5579","781.5","1995-12-01","13.3","3.3"
"USC00449215","WISE 1 SE, VA US","36.9725","-82.5579","781.5","1995-12-02","17.2","1.1"
"USC00449215","WISE 1 SE, VA US","36.9725","-82.5579","781.5","1995-12-03","15.0","5.6"
"USC00449215","WISE 1 SE, VA US","36.9725","-82.5579","781.5","1995-12-04","12.2","0.6"
"USC00449215","WISE 1 SE, VA US","36.9725","-82.5579","781.5","1995-12-05","10.0","0.0"
"USC00449215","WISE 1 SE, VA US","36.9725","-82.5579","781.5","1995-12-06","8.3","-4.4"
"USC00449215","WISE 1 SE, VA US","36.9725","-82.5579","781.5","1995-12-07","2.8","-5.0"
"USC00449215","WISE 1 SE, VA US","36.9725","-82.5579","781.5","1995-12-08","5.0","-11.7"
"USC00449215","WISE 1 SE, VA US","36.9725","-82.5579","781.5","1995-12-09","2.8","-3.3"
"USC00449215","WISE 1 SE, VA US","36.9725","-82.5579","781.5","1995-12-10","-2.8","-18.9"
"USC00449215","WISE 1 SE, VA US","36.9725","-82.5579","781.5","1995-12-11","-3.9","-12.2"
"USC00449215","WISE 1 SE, VA US","36.9725","-82.5579","781.5","1995-12-12","0.0","-8.3"
"USC00449215","WISE 1 SE, VA US","36.9725","-82.5579","781.5","1995-12-13","7.2","-2.2"
"USC00449215","WISE 1 SE, VA US","36.9725","-82.5579","781.5","1995-12-14","10.0","4.4"
"USC00449215","WISE 1 SE, VA US","36.9725","-82.5579","781.5","1995-12-15","15.6","9.4"
"USC00449215","WISE 1 SE, VA US","36.9725","-82.5579","781.5","1995-12-16","12.8","2.8"
"USC00449215","WISE 1 SE, VA US","36.9725","-82.5579","781.5","1995-12-17","14.4","-2.2"
"USC00449215","WISE 1 SE, VA US","36.9725","-82.5579","781.5","1995-12-18","12.8","5.0"
"USC00449215","WISE 1 SE, VA US","36.9725","-82.5579","781.5","1995-12-19","12.8","6.7"
"USC00449215","WISE 1 SE, VA US","36.9725","-82.5579","781.5","1995-12-20","6.7","-7.8"
"USC00449215","WISE 1 SE, VA US","36.9725","-82.5579","781.5","1995-12-21","-3.3","-7.8"
"USC00449215","WISE 1 SE, VA US","36.9725","-82.5579","781.5","1995-12-22","-3.9","-7.8"
"USC00449215","WISE 1 SE, VA US","36.9725","-82.5579","781.5","1995-12-23","-3.3","-9.4"
"USC00449215","WISE 1 SE, VA US","36.9725","-82.5579","781.5","1995-12-24","-2.8","-12.8"
"USC00449215","WISE 1 SE, VA US","36.9725","-82.5579","781.5","1995-12-25","-4.4","-8.9"
"USC00449215","WISE 1 SE, VA US","36.9725","-82.5579","781.5","1995-12-26","-1.1","-10.6"
"USC00449215","WISE 1 SE, VA US","36.9725","-82.5579","781.5","1995-12-27","-2.2","-6.7"
"USC00449215","WISE 1 SE, VA US","36.9725","-82.5579","781.5","1995-12-28","-3.9","-14.4"
"USC00449215","WISE 1 SE, VA US","36.9725","-82.5579","781.5","1995-12-29","4.4","-7.2"
"USC00449215","WISE 1 SE, VA US","36.9725","-82.5579","781.5","1995-12-30","9.4","-8.3"
"USC00449215","WISE 1 SE, VA US","36.9725","-82.5579","781.5","1995-12-31","6.7","-0.6"
