chamber,temperature,photoperiod,population,ovip_date,petri_num,8/6/2018,8/7/2018,8/8/2018,8/9/2018,8/10/2018,8/11/2018,8/12/2018,8/13/2018,8/14/2018,8/15/2018,8/16/2018,8/17/2018,8/18/2018,8/19/2018,8/20/2018,8/21/2018,8/22/2018,8/23/2018,8/24/2018,8/25/2018,8/26/2018,8/27/2018,8/28/2018,8/29/2018,8/30/2018,8/31/2018,9/1/2018,9/2/2018,9/3/2018,9/4/2018,9/5/2018,9/6/2018
6,21,16.75,S,17-Jul,1,NA,NA,NA,NA,NA,NA,NA,NA,NA,0,0,2,6,3,0,0,0,0,0,0,0,0,0,NA,NA,NA,NA,NA,NA,NA,NA,NA
6,21,16.75,S,18-Jul,2,NA,NA,NA,NA,NA,NA,NA,NA,NA,NA,0,0,0,12,6,0,0,0,0,0,0,0,0,NA,NA,NA,NA,NA,NA,NA,NA,NA
6,21,16.75,S,19-Jul,3,NA,NA,NA,NA,NA,NA,NA,NA,NA,NA,NA,0,0,4,28,10,1,2,1,0,0,0,0,NA,NA,NA,NA,NA,NA,NA,NA,NA
6,21,16.75,Y,17-Jul,1,NA,NA,NA,NA,NA,NA,NA,NA,NA,0,0,0,2,9,5,0,0,0,1,0,0,0,0,0,0,0,0,NA,NA,NA,NA,NA
6,21,16.75,Y,18-Jul,2,NA,NA,NA,NA,NA,NA,NA,NA,NA,NA,0,0,0,15,9,5,2,0,0,0,0,0,0,0,0,0,0,NA,NA,NA,NA,NA
6,21,16.75,Y,19-Jul,3,NA,NA,NA,NA,NA,NA,NA,NA,NA,NA,NA,0,0,3,10,5,1,1,0,1,0,2,0,0,0,0,0,NA,NA,NA,NA,NA
6,21,16.75,V,17-Jul,1,NA,NA,NA,NA,NA,NA,NA,NA,NA,0,0,0,0,7,17,6,3,1,0,0,0,0,0,0,0,0,NA,NA,NA,NA,NA,NA
6,21,16.75,V,18-Jul,2,NA,NA,NA,NA,NA,NA,NA,NA,NA,NA,0,0,0,0,4,6,8,5,3,3,0,0,0,0,0,0,NA,NA,NA,NA,NA,NA
6,21,16.75,V,19-Jul,3,NA,NA,NA,NA,NA,NA,NA,NA,NA,NA,NA,0,0,0,0,2,13,7,5,1,1,0,0,0,0,0,NA,NA,NA,NA,NA,NA
6,21,16.75,MC,20-Jul,1,NA,NA,NA,NA,NA,NA,NA,NA,NA,NA,NA,0,0,0,10,17,2,1,0,0,0,0,0,0,0,0,0,NA,NA,NA,NA,NA
6,21,16.75,MC,21-Jul,2,NA,NA,NA,NA,NA,NA,NA,NA,NA,NA,NA,0,NA,0,0,0,3,16,4,3,2,1,0,0,0,0,0,NA,NA,NA,NA,NA
6,21,16.75,MC,21-Jul,3,NA,NA,NA,NA,NA,NA,NA,NA,NA,NA,NA,0,NA,0,0,0,0,3,7,2,0,0,0,0,0,0,0,NA,NA,NA,NA,NA
6,21,16.75,BS,20-Jul,1,NA,NA,NA,NA,NA,NA,NA,NA,NA,NA,NA,0,0,0,0,0,0,0,1,0,0,0,0,1,0,0,0,0,0,NA,NA,NA
6,21,16.75,BS,21-Jul,2,NA,NA,NA,NA,NA,NA,NA,NA,NA,NA,NA,0,NA,0,0,0,0,2,4,3,0,1,2,1,0,0,0,0,0,NA,NA,NA
6,21,16.75,BS,22-Jul,3,NA,NA,NA,NA,NA,NA,NA,NA,NA,NA,NA,0,NA,NA,0,0,0,0,6,22,4,0,0,0,0,0,0,0,0,NA,NA,NA
6,21,16.75,M,20-Jul,1,NA,NA,NA,NA,NA,NA,NA,NA,NA,NA,NA,0,0,0,2,7,9,3,6,0,0,0,0,0,0,0,NA,NA,NA,NA,NA,NA
6,21,16.75,M,21-Jul,2,NA,NA,NA,NA,NA,NA,NA,NA,NA,NA,NA,0,NA,0,0,0,5,6,1,0,0,0,0,0,0,0,NA,NA,NA,NA,NA,NA
6,21,16.75,M,21-Jul,3,NA,NA,NA,NA,NA,NA,NA,NA,NA,NA,NA,0,NA,0,0,0,1,8,1,0,0,0,0,0,0,0,NA,NA,NA,NA,NA,NA
6,21,16.75,BL,20-Jul,1,NA,NA,NA,NA,NA,NA,NA,NA,NA,NA,NA,0,0,0,2,24,5,5,4,0,0,0,0,0,0,0,NA,NA,NA,NA,NA,NA
6,21,16.75,BL,21-Jul,2,NA,NA,NA,NA,NA,NA,NA,NA,NA,NA,NA,0,NA,0,0,0,0,3,4,5,1,0,0,0,0,0,NA,NA,NA,NA,NA,NA
6,21,16.75,BL,21-Jul,3,NA,NA,NA,NA,NA,NA,NA,NA,NA,NA,NA,0,NA,0,0,0,0,4,1,1,0,0,0,0,0,0,NA,NA,NA,NA,NA,NA
6,21,16.75,WP,20-Jul,1,NA,NA,NA,NA,NA,NA,NA,NA,NA,NA,NA,0,0,0,0,10,4,13,8,0,1,0,0,0,0,0,0,0,0,0,0,NA
6,21,16.75,WP,21-Jul,2,NA,NA,NA,NA,NA,NA,NA,NA,NA,NA,NA,0,NA,0,0,0,0,0,1,1,4,3,1,1,0,0,0,0,0,0,0,NA
6,21,16.75,WP,21-Jul,3,NA,NA,NA,NA,NA,NA,NA,NA,NA,NA,NA,0,NA,0,0,0,0,0,2,2,3,2,0,1,0,1,0,0,0,0,0,NA
6,21,16.75,FD,20-Jul,1,NA,NA,NA,NA,NA,NA,NA,NA,NA,NA,NA,0,0,0,5,20,8,6,1,1,1,0,0,0,0,0,0,0,0,0,0,0
6,21,16.75,FD,21-Jul,2,NA,NA,NA,NA,NA,NA,NA,NA,NA,NA,NA,0,NA,0,0,0,0,5,3,2,1,4,2,0,0,0,0,0,0,0,0,0
6,21,16.75,FD,21-Jul,3,NA,NA,NA,NA,NA,NA,NA,NA,NA,NA,NA,0,NA,0,0,0,0,0,6,1,2,2,4,0,0,0,1,0,0,0,0,0
6,21,16.75,P,23-Jul,1,NA,NA,NA,NA,NA,NA,NA,NA,NA,NA,NA,0,NA,NA,0,0,0,0,1,11,12,2,1,2,2,1,0,2,0,0,0,0
6,21,16.75,P,24-Jul,2,NA,NA,NA,NA,NA,NA,NA,NA,NA,NA,NA,0,NA,NA,0,0,0,0,0,7,13,0,1,0,0,0,0,0,0,0,0,0
6,21,16.75,P,24-Jul,3,NA,NA,NA,NA,NA,NA,NA,NA,NA,NA,NA,0,NA,NA,0,0,0,0,0,3,7,3,4,0,0,0,0,0,0,0,0,0
5,21,16.25,S,17-Jul,1,NA,NA,NA,NA,NA,NA,NA,NA,NA,0,0,1,0,11,7,4,1,0,0,0,0,0,0,NA,NA,NA,NA,NA,NA,NA,NA,NA
5,21,16.25,S,18-Jul,2,NA,NA,NA,NA,NA,NA,NA,NA,NA,NA,0,0,0,5,22,7,2,0,0,0,0,0,0,NA,NA,NA,NA,NA,NA,NA,NA,NA
5,21,16.25,S,19-Jul,3,NA,NA,NA,NA,NA,NA,NA,NA,NA,NA,NA,0,0,3,11,10,3,0,0,0,0,0,0,NA,NA,NA,NA,NA,NA,NA,NA,NA
5,21,16.25,Y,17-Jul,1,NA,NA,NA,NA,NA,NA,NA,NA,NA,0,0,0,1,14,2,2,0,1,0,0,0,0,0,0,NA,NA,NA,NA,NA,NA,NA,NA
5,21,16.25,Y,18-Jul,2,NA,NA,NA,NA,NA,NA,NA,NA,NA,NA,0,0,0,7,19,10,3,1,0,1,0,0,0,0,NA,NA,NA,NA,NA,NA,NA,NA
5,21,16.25,Y,19-Jul,3,NA,NA,NA,NA,NA,NA,NA,NA,NA,NA,NA,0,0,3,8,19,0,0,0,0,0,0,0,0,NA,NA,NA,NA,NA,NA,NA,NA
5,21,16.25,V,17-Jul,1,NA,NA,NA,NA,NA,NA,NA,NA,NA,0,0,0,0,0,12,5,2,0,0,0,0,0,0,0,0,0,NA,NA,NA,NA,NA,NA
5,21,16.25,V,18-Jul,2,NA,NA,NA,NA,NA,NA,NA,NA,NA,NA,0,0,0,0,2,13,6,1,1,0,0,0,0,0,0,0,NA,NA,NA,NA,NA,NA
5,21,16.25,V,19-Jul,3,NA,NA,NA,NA,NA,NA,NA,NA,NA,NA,NA,0,0,0,0,0,0,20,3,0,4,0,0,0,0,0,NA,NA,NA,NA,NA,NA
5,21,16.25,MC,20-Jul,1,NA,NA,NA,NA,NA,NA,NA,NA,NA,NA,NA,0,NA,0,4,15,4,1,0,1,0,0,0,0,0,0,NA,NA,NA,NA,NA,NA
5,21,16.25,MC,21-Jul,2,NA,NA,NA,NA,NA,NA,NA,NA,NA,NA,NA,0,NA,0,0,0,1,13,7,3,0,0,0,0,0,0,NA,NA,NA,NA,NA,NA
5,21,16.25,MC,21-Jul,3,NA,NA,NA,NA,NA,NA,NA,NA,NA,NA,NA,0,NA,0,0,0,2,5,1,6,1,0,0,0,0,0,NA,NA,NA,NA,NA,NA
5,21,16.25,BS,20-Jul,1,NA,NA,NA,NA,NA,NA,NA,NA,NA,NA,NA,0,NA,0,0,0,1,2,0,2,0,0,0,0,0,0,0,0,0,NA,NA,NA
5,21,16.25,BS,21-Jul,2,NA,NA,NA,NA,NA,NA,NA,NA,NA,NA,NA,0,NA,0,0,0,0,3,12,1,1,0,0,2,0,0,0,0,0,NA,NA,NA
5,21,16.25,BS,22-Jul,3,NA,NA,NA,NA,NA,NA,NA,NA,NA,NA,NA,0,NA,NA,0,0,0,0,6,16,1,1,2,1,0,0,0,0,0,NA,NA,NA
5,21,16.25,M,20-Jul,1,NA,NA,NA,NA,NA,NA,NA,NA,NA,NA,NA,0,NA,0,0,5,23,14,3,0,1,0,0,0,0,0,NA,NA,NA,NA,NA,NA
5,21,16.25,M,21-Jul,2,NA,NA,NA,NA,NA,NA,NA,NA,NA,NA,NA,0,NA,0,0,0,6,8,7,2,0,0,0,0,0,0,NA,NA,NA,NA,NA,NA
5,21,16.25,M,21-Jul,3,NA,NA,NA,NA,NA,NA,NA,NA,NA,NA,NA,0,NA,0,0,0,5,9,3,0,0,1,0,0,0,0,NA,NA,NA,NA,NA,NA
5,21,16.25,BL,20-Jul,1,NA,NA,NA,NA,NA,NA,NA,NA,NA,NA,NA,0,NA,0,4,10,14,5,6,2,0,2,0,0,0,0,0,NA,NA,NA,NA,NA
5,21,16.25,BL,21-Jul,2,NA,NA,NA,NA,NA,NA,NA,NA,NA,NA,NA,0,NA,0,0,1,5,4,2,1,0,0,0,0,0,0,0,NA,NA,NA,NA,NA
5,21,16.25,BL,21-Jul,3,NA,NA,NA,NA,NA,NA,NA,NA,NA,NA,NA,0,NA,0,0,0,0,9,0,4,2,0,0,0,0,0,0,NA,NA,NA,NA,NA
5,21,16.25,WP,20-Jul,1,NA,NA,NA,NA,NA,NA,NA,NA,NA,NA,NA,0,NA,0,0,0,6,8,14,6,1,1,1,0,0,0,1,0,0,0,0,0
5,21,16.25,WP,21-Jul,2,NA,NA,NA,NA,NA,NA,NA,NA,NA,NA,NA,0,NA,0,0,0,0,0,1,3,0,1,1,0,0,1,0,1,0,0,0,0
5,21,16.25,WP,21-Jul,3,NA,NA,NA,NA,NA,NA,NA,NA,NA,NA,NA,0,NA,0,0,0,0,0,1,2,1,0,0,0,0,1,0,0,0,0,0,0
5,21,16.25,FD,20-Jul,1,NA,NA,NA,NA,NA,NA,NA,NA,NA,NA,NA,0,NA,0,1,19,10,5,4,5,0,0,0,0,0,0,0,0,0,0,NA,NA
5,21,16.25,FD,21-Jul,2,NA,NA,NA,NA,NA,NA,NA,NA,NA,NA,NA,0,NA,0,0,0,2,6,10,7,2,0,0,0,0,0,0,0,0,0,NA,NA
5,21,16.25,FD,21-Jul,3,NA,NA,NA,NA,NA,NA,NA,NA,NA,NA,NA,0,NA,0,0,0,0,2,7,2,0,1,0,0,1,0,0,0,0,0,NA,NA
5,21,16.25,P,23-Jul,1,NA,NA,NA,NA,NA,NA,NA,NA,NA,NA,NA,0,NA,NA,NA,0,0,0,0,7,15,8,7,3,2,0,0,0,0,0,0,0
5,21,16.25,P,24-Jul,2,NA,NA,NA,NA,NA,NA,NA,NA,NA,NA,NA,0,NA,NA,NA,0,0,0,1,7,5,1,0,1,1,0,0,0,0,0,0,0
5,21,16.25,P,24-Jul,3,NA,NA,NA,NA,NA,NA,NA,NA,NA,NA,NA,0,NA,NA,NA,0,0,0,0,2,9,3,0,0,0,1,2,0,0,0,0,0
4,21,15.75,S,17-Jul,1,NA,NA,NA,NA,NA,NA,NA,NA,NA,0,0,0,7,7,4,0,0,0,0,0,0,0,0,NA,NA,NA,NA,NA,NA,NA,NA,NA
4,21,15.75,S,18-Jul,2,NA,NA,NA,NA,NA,NA,NA,NA,NA,NA,0,0,0,13,11,7,1,0,0,0,0,0,0,NA,NA,NA,NA,NA,NA,NA,NA,NA
4,21,15.75,S,19-Jul,3,NA,NA,NA,NA,NA,NA,NA,NA,NA,NA,NA,0,0,0,7,19,8,4,0,0,0,0,0,NA,NA,NA,NA,NA,NA,NA,NA,NA
4,21,15.75,Y,17-Jul,1,NA,NA,NA,NA,NA,NA,NA,NA,NA,0,0,0,6,2,1,0,0,0,0,0,0,0,0,NA,NA,NA,NA,NA,NA,NA,NA,NA
4,21,15.75,Y,18-Jul,2,NA,NA,NA,NA,NA,NA,NA,NA,NA,NA,0,0,0,17,24,7,0,0,0,0,0,0,0,NA,NA,NA,NA,NA,NA,NA,NA,NA
4,21,15.75,Y,19-Jul,3,NA,NA,NA,NA,NA,NA,NA,NA,NA,NA,NA,0,0,0,7,10,8,0,3,0,0,0,0,NA,NA,NA,NA,NA,NA,NA,NA,NA
4,21,15.75,V,17-Jul,1,NA,NA,NA,NA,NA,NA,NA,NA,NA,0,0,0,0,0,5,6,5,2,0,0,0,0,0,0,0,NA,NA,NA,NA,NA,NA,NA
4,21,15.75,V,18-Jul,2,NA,NA,NA,NA,NA,NA,NA,NA,NA,NA,0,0,0,0,0,5,10,8,4,0,1,0,0,0,0,NA,NA,NA,NA,NA,NA,NA
4,21,15.75,V,19-Jul,3,NA,NA,NA,NA,NA,NA,NA,NA,NA,NA,NA,0,0,0,0,1,9,10,3,2,0,0,0,0,0,NA,NA,NA,NA,NA,NA,NA
4,21,15.75,MC,20-Jul,1,NA,NA,NA,NA,NA,NA,NA,NA,NA,NA,NA,0,0,0,0,4,20,7,8,5,0,0,0,0,0,0,NA,NA,NA,NA,NA,NA
4,21,15.75,MC,21-Jul,2,NA,NA,NA,NA,NA,NA,NA,NA,NA,NA,NA,0,NA,0,0,1,2,17,8,1,1,0,0,0,0,0,NA,NA,NA,NA,NA,NA
4,21,15.75,MC,21-Jul,3,NA,NA,NA,NA,NA,NA,NA,NA,NA,NA,NA,0,NA,0,0,0,1,4,4,3,0,0,0,0,0,0,NA,NA,NA,NA,NA,NA
4,21,15.75,BS,20-Jul,1,NA,NA,NA,NA,NA,NA,NA,NA,NA,NA,NA,0,0,0,0,0,0,0,0,0,0,0,0,0,0,0,0,0,0,NA,NA,NA
4,21,15.75,BS,21-Jul,2,NA,NA,NA,NA,NA,NA,NA,NA,NA,NA,NA,0,NA,0,0,0,0,2,8,7,1,1,0,0,0,0,0,0,0,NA,NA,NA
4,21,15.75,BS,22-Jul,3,NA,NA,NA,NA,NA,NA,NA,NA,NA,NA,NA,0,NA,NA,0,0,3,12,13,3,1,1,1,1,0,0,0,0,0,NA,NA,NA
4,21,15.75,M,20-Jul,1,NA,NA,NA,NA,NA,NA,NA,NA,NA,NA,NA,0,0,0,0,18,17,6,2,0,0,0,0,0,0,0,0,0,NA,NA,NA,NA
4,21,15.75,M,21-Jul,2,NA,NA,NA,NA,NA,NA,NA,NA,NA,NA,NA,0,NA,0,0,0,6,11,8,5,0,0,0,0,0,0,0,0,NA,NA,NA,NA
4,21,15.75,M,21-Jul,3,NA,NA,NA,NA,NA,NA,NA,NA,NA,NA,NA,0,NA,0,0,0,1,2,2,0,0,3,1,0,0,0,0,0,NA,NA,NA,NA
4,21,15.75,BL,20-Jul,1,NA,NA,NA,NA,NA,NA,NA,NA,NA,NA,NA,0,0,0,1,9,5,6,0,0,0,0,0,0,0,0,0,NA,NA,NA,NA,NA
4,21,15.75,BL,21-Jul,2,NA,NA,NA,NA,NA,NA,NA,NA,NA,NA,NA,0,NA,0,0,0,1,6,6,4,0,0,0,0,0,0,0,NA,NA,NA,NA,NA
4,21,15.75,BL,21-Jul,3,NA,NA,NA,NA,NA,NA,NA,NA,NA,NA,NA,0,NA,0,0,0,0,3,0,0,0,0,0,0,0,0,0,NA,NA,NA,NA,NA
4,21,15.75,WP,20-Jul,1,NA,NA,NA,NA,NA,NA,NA,NA,NA,NA,NA,0,0,0,0,0,9,5,5,4,1,0,0,1,0,1,0,0,0,0,0,NA
4,21,15.75,WP,21-Jul,2,NA,NA,NA,NA,NA,NA,NA,NA,NA,NA,NA,0,NA,0,0,0,0,0,0,0,3,4,1,0,0,0,0,0,0,0,0,NA
4,21,15.75,WP,21-Jul,3,NA,NA,NA,NA,NA,NA,NA,NA,NA,NA,NA,0,NA,0,0,0,0,0,1,6,1,2,1,1,1,0,0,0,0,0,0,NA
4,21,15.75,FD,20-Jul,1,NA,NA,NA,NA,NA,NA,NA,NA,NA,NA,NA,0,0,0,0,1,11,19,3,2,1,0,0,0,1,0,0,0,0,0,NA,NA
4,21,15.75,FD,21-Jul,2,NA,NA,NA,NA,NA,NA,NA,NA,NA,NA,NA,0,NA,0,0,0,1,2,7,7,2,0,2,0,0,0,0,0,0,0,NA,NA
4,21,15.75,FD,21-Jul,3,NA,NA,NA,NA,NA,NA,NA,NA,NA,NA,NA,0,NA,0,0,0,0,0,2,2,0,1,0,0,0,0,0,0,0,0,NA,NA
4,21,15.75,P,23-Jul,1,NA,NA,NA,NA,NA,NA,NA,NA,NA,NA,NA,0,NA,NA,NA,0,0,0,0,7,15,5,1,0,1,2,1,0,0,1,0,0
4,21,15.75,P,24-Jul,2,NA,NA,NA,NA,NA,NA,NA,NA,NA,NA,NA,0,NA,NA,NA,0,0,0,1,8,9,4,2,0,0,0,0,0,0,0,0,0
4,21,15.75,P,24-Jul,3,NA,NA,NA,NA,NA,NA,NA,NA,NA,NA,NA,0,NA,NA,NA,0,0,0,0,7,8,3,2,1,0,1,0,0,0,0,0,0
2,21,15.25,S,17-Jul,1,NA,NA,NA,NA,NA,NA,NA,NA,NA,0,0,0,0,0,1,13,10,0,1,0,0,0,0,0,0,0,NA,NA,NA,NA,NA,NA
2,21,15.25,S,18-Jul,2,NA,NA,NA,NA,NA,NA,NA,NA,NA,NA,0,0,0,0,0,0,14,4,6,1,1,0,0,0,0,0,NA,NA,NA,NA,NA,NA
2,21,15.25,S,19-Jul,3,NA,NA,NA,NA,NA,NA,NA,NA,NA,NA,NA,0,0,0,0,0,0,11,9,4,0,0,0,0,0,0,NA,NA,NA,NA,NA,NA
2,21,15.25,Y,17-Jul,1,NA,NA,NA,NA,NA,NA,NA,NA,NA,0,0,0,0,0,4,6,3,1,0,1,0,0,0,0,0,0,NA,NA,NA,NA,NA,NA
2,21,15.25,Y,18-Jul,2,NA,NA,NA,NA,NA,NA,NA,NA,NA,NA,0,0,0,0,0,3,14,6,2,1,0,0,0,0,0,0,NA,NA,NA,NA,NA,NA
2,21,15.25,Y,19-Jul,3,NA,NA,NA,NA,NA,NA,NA,NA,NA,NA,NA,0,0,0,0,3,17,8,2,1,0,0,0,0,0,0,NA,NA,NA,NA,NA,NA
2,21,15.25,V,17-Jul,1,NA,NA,NA,NA,NA,NA,NA,NA,NA,0,0,0,0,0,0,0,6,3,3,1,0,1,0,0,0,0,0,0,0,NA,NA,NA
2,21,15.25,V,18-Jul,2,NA,NA,NA,NA,NA,NA,NA,NA,NA,NA,0,0,0,0,0,0,0,2,3,2,0,0,0,2,0,0,0,0,0,NA,NA,NA
2,21,15.25,V,19-Jul,3,NA,NA,NA,NA,NA,NA,NA,NA,NA,NA,NA,0,0,0,0,0,0,1,11,14,1,0,0,0,0,0,0,0,0,NA,NA,NA
2,21,15.25,MC,20-Jul,1,NA,NA,NA,NA,NA,NA,NA,NA,NA,NA,NA,0,0,0,0,9,25,17,9,3,0,0,0,0,0,0,0,0,0,NA,NA,NA
2,21,15.25,MC,21-Jul,2,NA,NA,NA,NA,NA,NA,NA,NA,NA,NA,NA,0,NA,0,0,0,0,0,1,6,8,1,0,2,0,0,0,0,0,NA,NA,NA
2,21,15.25,MC,21-Jul,3,NA,NA,NA,NA,NA,NA,NA,NA,NA,NA,NA,0,NA,0,0,0,0,0,11,6,0,1,4,2,0,0,0,0,0,NA,NA,NA
2,21,15.25,BS,20-Jul,1,NA,NA,NA,NA,NA,NA,NA,NA,NA,NA,NA,0,0,0,0,0,0,0,5,7,0,0,0,0,0,0,0,0,0,NA,NA,NA
2,21,15.25,BS,21-Jul,2,NA,NA,NA,NA,NA,NA,NA,NA,NA,NA,NA,0,NA,0,0,0,0,4,8,5,0,2,0,1,0,0,0,0,0,NA,NA,NA
2,21,15.25,BS,22-Jul,3,NA,NA,NA,NA,NA,NA,NA,NA,NA,NA,NA,0,NA,NA,0,0,0,0,11,21,10,1,0,0,0,0,0,0,0,NA,NA,NA
2,21,15.25,M,20-Jul,1,NA,NA,NA,NA,NA,NA,NA,NA,NA,NA,NA,0,0,0,0,0,0,1,16,12,7,1,1,0,0,1,0,0,0,0,0,NA
2,21,15.25,M,21-Jul,2,NA,NA,NA,NA,NA,NA,NA,NA,NA,NA,NA,0,NA,0,0,0,0,8,16,3,0,0,0,0,0,0,0,0,0,0,0,NA
2,21,15.25,M,21-Jul,3,NA,NA,NA,NA,NA,NA,NA,NA,NA,NA,NA,0,NA,0,0,0,1,6,7,7,0,1,0,0,0,0,0,0,0,0,0,NA
2,21,15.25,BL,20-Jul,1,NA,NA,NA,NA,NA,NA,NA,NA,NA,NA,NA,0,0,0,0,2,23,12,2,1,0,0,0,0,0,0,0,NA,NA,NA,NA,NA
2,21,15.25,BL,21-Jul,2,NA,NA,NA,NA,NA,NA,NA,NA,NA,NA,NA,0,NA,0,0,0,1,4,4,2,3,2,0,0,0,0,0,NA,NA,NA,NA,NA
2,21,15.25,BL,21-Jul,3,NA,NA,NA,NA,NA,NA,NA,NA,NA,NA,NA,0,NA,0,0,0,0,2,3,4,1,0,0,0,0,0,0,NA,NA,NA,NA,NA
2,21,15.25,WP,20-Jul,1,NA,NA,NA,NA,NA,NA,NA,NA,NA,NA,NA,0,0,0,0,0,0,1,5,3,14,0,1,2,0,0,0,0,0,0,0,0
2,21,15.25,WP,21-Jul,2,NA,NA,NA,NA,NA,NA,NA,NA,NA,NA,NA,0,NA,0,0,0,0,0,0,4,4,1,1,1,0,0,2,0,0,0,0,0
2,21,15.25,WP,21-Jul,3,NA,NA,NA,NA,NA,NA,NA,NA,NA,NA,NA,0,NA,0,0,0,0,0,0,0,4,2,1,1,0,2,1,0,0,0,0,0
2,21,15.25,FD,20-Jul,1,NA,NA,NA,NA,NA,NA,NA,NA,NA,NA,NA,0,0,0,0,0,3,6,16,8,5,2,0,1,0,0,0,0,0,0,0,NA
2,21,15.25,FD,21-Jul,2,NA,NA,NA,NA,NA,NA,NA,NA,NA,NA,NA,0,NA,0,0,0,0,0,1,7,9,5,0,0,1,0,0,0,0,0,0,NA
2,21,15.25,FD,21-Jul,3,NA,NA,NA,NA,NA,NA,NA,NA,NA,NA,NA,0,NA,0,0,0,0,0,4,5,5,2,2,1,1,2,0,0,0,0,0,NA
2,21,15.25,P,23-Jul,1,NA,NA,NA,NA,NA,NA,NA,NA,NA,NA,NA,0,NA,NA,0,0,0,0,0,1,3,2,3,5,2,4,3,1,0,0,0,0
2,21,15.25,P,24-Jul,2,NA,NA,NA,NA,NA,NA,NA,NA,NA,NA,NA,0,NA,NA,0,0,0,0,0,0,5,5,2,1,1,0,0,0,1,0,0,0
2,21,15.25,P,24-Jul,3,NA,NA,NA,NA,NA,NA,NA,NA,NA,NA,NA,0,NA,NA,0,0,0,0,0,0,1,5,2,2,0,0,0,0,0,0,0,0
1,21,14.75,S,17-Jul,1,NA,NA,NA,NA,NA,NA,NA,NA,NA,0,0,0,1,9,6,1,1,0,0,0,0,0,0,NA,NA,NA,NA,NA,NA,NA,NA,NA
1,21,14.75,S,18-Jul,2,NA,NA,NA,NA,NA,NA,NA,NA,NA,NA,0,0,0,4,1,10,8,3,1,0,0,0,0,NA,NA,NA,NA,NA,NA,NA,NA,NA
1,21,14.75,S,19-Jul,3,NA,NA,NA,NA,NA,NA,NA,NA,NA,NA,0,0,0,6,19,12,8,1,0,0,0,0,0,NA,NA,NA,NA,NA,NA,NA,NA,NA
1,21,14.75,Y,17-Jul,1,NA,NA,NA,NA,NA,NA,NA,NA,NA,0,0,2,4,3,2,4,2,0,0,0,0,0,0,0,0,0,NA,NA,NA,NA,NA,NA
1,21,14.75,Y,18-Jul,2,NA,NA,NA,NA,NA,NA,NA,NA,NA,NA,0,0,8,15,17,4,1,0,0,0,0,0,0,0,0,0,NA,NA,NA,NA,NA,NA
1,21,14.75,Y,19-Jul,3,NA,NA,NA,NA,NA,NA,NA,NA,NA,NA,0,0,0,0,2,9,17,3,2,2,1,0,0,0,0,0,NA,NA,NA,NA,NA,NA
1,21,14.75,V,17-Jul,1,NA,NA,NA,NA,NA,NA,NA,NA,NA,0,0,1,0,8,13,7,2,1,0,0,1,0,0,0,0,0,NA,NA,NA,NA,NA,NA
1,21,14.75,V,18-Jul,2,NA,NA,NA,NA,NA,NA,NA,NA,NA,NA,0,0,0,0,1,4,15,7,4,2,1,0,0,0,0,0,NA,NA,NA,NA,NA,NA
1,21,14.75,V,19-Jul,3,NA,NA,NA,NA,NA,NA,NA,NA,NA,NA,0,0,0,0,0,0,13,12,5,0,0,0,0,0,0,0,NA,NA,NA,NA,NA,NA
1,21,14.75,MC,20-Jul,1,NA,NA,NA,NA,NA,NA,NA,NA,NA,NA,NA,0,0,0,5,26,24,3,3,3,1,0,0,0,0,0,NA,NA,NA,NA,NA,NA
1,21,14.75,MC,21-Jul,2,NA,NA,NA,NA,NA,NA,NA,NA,NA,NA,NA,0,NA,0,0,0,1,5,16,2,0,0,0,0,0,0,NA,NA,NA,NA,NA,NA
1,21,14.75,MC,21-Jul,3,NA,NA,NA,NA,NA,NA,NA,NA,NA,NA,NA,0,NA,0,0,0,3,9,2,1,1,0,0,0,0,0,NA,NA,NA,NA,NA,NA
1,21,14.75,BS,20-Jul,1,NA,NA,NA,NA,NA,NA,NA,NA,NA,NA,NA,0,0,0,0,0,3,4,1,0,0,0,0,0,0,0,0,0,0,NA,NA,NA
1,21,14.75,BS,21-Jul,2,NA,NA,NA,NA,NA,NA,NA,NA,NA,NA,NA,0,NA,0,0,0,3,9,4,0,0,0,0,0,0,0,0,0,0,NA,NA,NA
1,21,14.75,BS,22-Jul,3,NA,NA,NA,NA,NA,NA,NA,NA,NA,NA,NA,0,NA,NA,0,0,0,6,20,9,2,0,1,1,0,0,0,0,0,NA,NA,NA
1,21,14.75,M,20-Jul,1,NA,NA,NA,NA,NA,NA,NA,NA,NA,NA,NA,0,0,0,3,8,13,5,1,1,0,0,0,0,0,0,NA,NA,NA,NA,NA,NA
1,21,14.75,M,21-Jul,2,NA,NA,NA,NA,NA,NA,NA,NA,NA,NA,NA,0,NA,0,0,0,8,12,6,2,0,0,0,0,0,0,NA,NA,NA,NA,NA,NA
1,21,14.75,M,21-Jul,3,NA,NA,NA,NA,NA,NA,NA,NA,NA,NA,NA,0,NA,0,0,0,6,18,2,0,1,0,0,0,0,0,NA,NA,NA,NA,NA,NA
1,21,14.75,BL,20-Jul,1,NA,NA,NA,NA,NA,NA,NA,NA,NA,NA,NA,0,0,2,27,12,10,3,5,1,0,0,0,0,0,0,0,NA,NA,NA,NA,NA
1,21,14.75,BL,21-Jul,2,NA,NA,NA,NA,NA,NA,NA,NA,NA,NA,NA,0,NA,0,0,0,3,2,9,6,5,1,0,0,0,0,0,NA,NA,NA,NA,NA
1,21,14.75,BL,21-Jul,3,NA,NA,NA,NA,NA,NA,NA,NA,NA,NA,NA,0,NA,0,0,0,1,1,8,3,0,1,0,0,0,0,0,NA,NA,NA,NA,NA
1,21,14.75,WP,20-Jul,1,NA,NA,NA,NA,NA,NA,NA,NA,NA,NA,NA,0,0,0,1,0,2,8,3,0,4,0,0,0,1,0,0,0,0,0,NA,NA
1,21,14.75,WP,21-Jul,2,NA,NA,NA,NA,NA,NA,NA,NA,NA,NA,NA,0,NA,0,0,0,0,3,1,4,4,0,0,0,2,0,0,0,0,0,NA,NA
1,21,14.75,WP,21-Jul,3,NA,NA,NA,NA,NA,NA,NA,NA,NA,NA,NA,0,NA,0,0,0,0,3,3,4,3,0,0,0,0,0,0,0,0,0,NA,NA
1,21,14.75,FD,20-Jul,1,NA,NA,NA,NA,NA,NA,NA,NA,NA,NA,NA,0,0,0,2,14,4,9,6,0,1,0,0,0,0,0,0,0,0,0,0,0
1,21,14.75,FD,21-Jul,2,NA,NA,NA,NA,NA,NA,NA,NA,NA,NA,NA,0,NA,0,0,0,2,10,20,2,1,2,0,0,0,0,0,1,0,0,0,0
1,21,14.75,FD,21-Jul,3,NA,NA,NA,NA,NA,NA,NA,NA,NA,NA,NA,0,NA,0,0,0,1,4,9,1,3,2,1,0,0,0,0,0,0,0,0,0
1,21,14.75,P,23-Jul,1,NA,NA,NA,NA,NA,NA,NA,NA,NA,NA,NA,0,NA,NA,0,0,0,0,1,4,5,1,1,1,2,1,0,0,0,0,0,NA
1,21,14.75,P,24-Jul,2,NA,NA,NA,NA,NA,NA,NA,NA,NA,NA,NA,0,NA,NA,0,0,0,0,3,14,12,4,1,0,0,0,0,0,0,0,0,NA
1,21,14.75,P,24-Jul,3,NA,NA,NA,NA,NA,NA,NA,NA,NA,NA,NA,0,NA,NA,0,0,0,0,4,14,11,5,0,0,0,0,0,0,0,0,0,NA
3,26,15.75,S,17-Jul,1,0,0,0,0,1,1,16,5,0,0,0,0,0,0,0,0,0,NA,NA,NA,NA,NA,NA,NA,NA,NA,NA,NA,NA,NA,NA,NA
3,26,15.75,S,18-Jul,2,NA,0,0,0,0,0,4,26,6,0,0,0,0,0,0,0,0,NA,NA,NA,NA,NA,NA,NA,NA,NA,NA,NA,NA,NA,NA,NA
3,26,15.75,S,19-Jul,3,NA,NA,0,0,0,0,1,36,6,1,0,0,0,0,0,0,0,NA,NA,NA,NA,NA,NA,NA,NA,NA,NA,NA,NA,NA,NA,NA
3,26,15.75,Y,17-Jul,1,0,0,0,0,1,0,13,9,0,0,0,0,0,0,0,0,0,NA,NA,NA,NA,NA,NA,NA,NA,NA,NA,NA,NA,NA,NA,NA
3,26,15.75,Y,18-Jul,2,NA,0,0,0,0,0,12,20,2,3,1,1,0,0,0,0,0,NA,NA,NA,NA,NA,NA,NA,NA,NA,NA,NA,NA,NA,NA,NA
3,26,15.75,Y,19-Jul,3,NA,NA,0,0,0,0,7,20,2,2,0,0,0,0,0,0,0,NA,NA,NA,NA,NA,NA,NA,NA,NA,NA,NA,NA,NA,NA,NA
3,26,15.75,V,17-Jul,1,0,0,0,0,0,0,3,19,4,1,0,0,0,0,0,0,0,NA,NA,NA,NA,NA,NA,NA,NA,NA,NA,NA,NA,NA,NA,NA
3,26,15.75,V,18-Jul,2,NA,0,0,0,0,0,0,9,13,2,2,1,4,0,0,0,0,NA,NA,NA,NA,NA,NA,NA,NA,NA,NA,NA,NA,NA,NA,NA
3,26,15.75,V,19-Jul,3,NA,NA,0,0,0,0,0,1,16,6,3,0,0,0,0,0,0,NA,NA,NA,NA,NA,NA,NA,NA,NA,NA,NA,NA,NA,NA,NA
3,26,15.75,MC,20-Jul,1,NA,NA,NA,0,0,0,7,22,3,0,0,0,0,0,0,0,0,0,NA,NA,NA,NA,NA,NA,NA,NA,NA,NA,NA,NA,NA,NA
3,26,15.75,MC,21-Jul,2,NA,NA,NA,NA,0,0,0,0,2,11,8,1,0,0,0,0,0,0,NA,NA,NA,NA,NA,NA,NA,NA,NA,NA,NA,NA,NA,NA
3,26,15.75,MC,21-Jul,3,NA,NA,NA,NA,0,0,0,0,0,5,3,3,0,0,0,0,0,0,NA,NA,NA,NA,NA,NA,NA,NA,NA,NA,NA,NA,NA,NA
3,26,15.75,BS,20-Jul,1,NA,NA,NA,0,0,0,0,5,7,3,0,0,0,0,0,0,0,0,NA,NA,NA,NA,NA,NA,NA,NA,NA,NA,NA,NA,NA,NA
3,26,15.75,BS,21-Jul,2,NA,NA,NA,NA,0,0,0,0,1,3,4,0,0,0,0,0,0,0,NA,NA,NA,NA,NA,NA,NA,NA,NA,NA,NA,NA,NA,NA
3,26,15.75,BS,22-Jul,3,NA,NA,NA,NA,NA,0,0,0,0,3,20,6,0,1,0,0,0,0,NA,NA,NA,NA,NA,NA,NA,NA,NA,NA,NA,NA,NA,NA
3,26,15.75,M,20-Jul,1,NA,NA,NA,0,0,0,0,6,16,1,4,0,0,0,0,0,0,0,NA,NA,NA,NA,NA,NA,NA,NA,NA,NA,NA,NA,NA,NA
3,26,15.75,M,21-Jul,2,NA,NA,NA,NA,0,0,0,0,1,1,9,4,0,0,0,0,0,0,NA,NA,NA,NA,NA,NA,NA,NA,NA,NA,NA,NA,NA,NA
3,26,15.75,M,21-Jul,3,NA,NA,NA,NA,0,0,0,0,1,4,3,1,0,0,0,0,0,0,NA,NA,NA,NA,NA,NA,NA,NA,NA,NA,NA,NA,NA,NA
3,26,15.75,BL,20-Jul,1,NA,NA,NA,0,0,0,0,15,18,6,8,0,0,0,0,0,0,0,NA,NA,NA,NA,NA,NA,NA,NA,NA,NA,NA,NA,NA,NA
3,26,15.75,BL,21-Jul,2,NA,NA,NA,NA,0,0,0,0,0,4,1,1,0,0,0,0,0,0,NA,NA,NA,NA,NA,NA,NA,NA,NA,NA,NA,NA,NA,NA
3,26,15.75,BL,21-Jul,3,NA,NA,NA,NA,0,0,0,0,0,1,2,0,0,0,0,0,0,0,NA,NA,NA,NA,NA,NA,NA,NA,NA,NA,NA,NA,NA,NA
3,26,15.75,WP,20-Jul,1,NA,NA,NA,0,0,0,0,7,9,4,0,0,1,0,0,0,0,0,0,0,NA,NA,NA,NA,NA,NA,NA,NA,NA,NA,NA,NA
3,26,15.75,WP,21-Jul,2,NA,NA,NA,NA,0,0,0,0,0,0,1,0,2,1,1,0,0,0,0,0,NA,NA,NA,NA,NA,NA,NA,NA,NA,NA,NA,NA
3,26,15.75,WP,21-Jul,3,NA,NA,NA,NA,0,0,0,0,0,0,7,2,2,0,2,0,0,0,0,0,NA,NA,NA,NA,NA,NA,NA,NA,NA,NA,NA,NA
3,26,15.75,FD,20-Jul,1,NA,NA,NA,0,0,0,6,32,20,0,1,0,0,0,0,0,0,0,0,0,NA,NA,NA,NA,NA,NA,NA,NA,NA,NA,NA,NA
3,26,15.75,FD,21-Jul,2,NA,NA,NA,NA,0,0,0,0,0,0,8,2,2,1,0,0,0,0,0,0,NA,NA,NA,NA,NA,NA,NA,NA,NA,NA,NA,NA
3,26,15.75,FD,21-Jul,3,NA,NA,NA,NA,0,0,0,0,1,9,9,1,0,0,0,0,0,0,0,0,NA,NA,NA,NA,NA,NA,NA,NA,NA,NA,NA,NA
3,26,15.75,P,23-Jul,1,NA,NA,NA,NA,NA,NA,0,0,0,0,8,9,4,2,2,5,1,0,0,0,NA,NA,NA,NA,NA,NA,NA,NA,NA,NA,NA,NA
3,26,15.75,P,24-Jul,2,NA,NA,NA,NA,NA,NA,0,0,0,0,3,12,9,1,0,0,0,0,0,0,NA,NA,NA,NA,NA,NA,NA,NA,NA,NA,NA,NA
3,26,15.75,P,24-Jul,3,NA,NA,NA,NA,NA,NA,0,0,0,0,0,11,3,4,1,1,0,0,0,0,NA,NA,NA,NA,NA,NA,NA,NA,NA,NA,NA,NA
